全部照片|All photos|すべての写真|모든 사진|Toutes les photos|Alle Fotos|Todas las fotos|Todas as fotografias|Все фотографии
个人收藏|Favorites|お気に入り|즐겨찾기|Favoris|Favoriten|Favoritos|Favoritos|Избранное
文件夹|Folders|フォルダー|폴더|Dossiers|Ordner|Carpetas|Pastas|Папки
我的相册|My albums|マイアルバム|내 앨범|Mes albums|Meine Alben|Mis álbumes|Os meus álbuns|Мои альбомы
相册|Albums|アルバム|앨범|Albums|Alben|Álbumes|Álbuns|Альбомы
照片图库|PHOTO LIBRARY|フォトライブラリ|사진 라이브러리|PHOTOTHÈQUE|FOTOMEDIATHEK|FOTOTECA|FOTOTECA|ФОТОТЕКА
你的照片|Your photos|あなたの写真|내 사진|Vos photos|Deine Fotos|Tus fotos|As suas fotografias|Ваши фотографии
每一个瞬间，都在这里|Every moment, right here|大切な瞬間を、ここに|모든 순간을 이곳에|Tous vos instants, ici|Alle Momente an einem Ort|Todos tus momentos, aquí|Todos os momentos, aqui|Все мгновения здесь
把偏爱的瞬间留下|Keep your favorite moments|お気に入りの瞬間を残そう|좋아하는 순간을 간직하세요|Gardez vos instants préférés|Lieblingsmomente bewahren|Guarda tus momentos favoritos|Guarde os seus momentos favoritos|Сохраните любимые мгновения
熟悉的位置，新的看法|Familiar folders, a fresh view|いつもの場所を、新しい眺めで|익숙한 폴더, 새로운 시선|Vos dossiers, un nouveau regard|Vertraute Ordner, neue Perspektiven|Tus carpetas, otra mirada|As suas pastas, um novo olhar|Знакомые папки, новый взгляд
让照片拥有自己的故事|Give your photos a story|写真で物語をつむごう|사진에 이야기를 담아보세요|Donnez une histoire à vos photos|Fotos erzählen Geschichten|Dale una historia a tus fotos|Dê uma história às suas fotografias|Пусть фотографии расскажут историю
属于这个主题的瞬间|Moments that belong together|ひとつのテーマでつながる瞬間|하나의 주제로 모은 순간|Des instants qui vont ensemble|Momente, die zusammengehören|Momentos que van juntos|Momentos que combinam|Мгновения одной истории
图片根目录|Photo root folder|写真のルートフォルダー|사진 루트 폴더|Dossier racine des photos|Foto-Stammordner|Carpeta raíz de fotos|Pasta raiz das fotografias|Корневая папка фотографий
照片目录|Photo folder|写真フォルダー|사진 폴더|Dossier photo|Fotoordner|Carpeta de fotos|Pasta de fotografias|Папка фотографий
{0} 张照片|Photos: {0}|写真 {0} 枚|사진 {0}장|Photos : {0}|Fotos: {0}|Fotos: {0}|Fotografias: {0}|Фотографий: {0}
{0} 张照片 · 按日期浏览|{0} photos · Browse by date|写真 {0} 枚 · 日付順に表示|사진 {0}장 · 날짜별 보기|{0} photos · Parcourir par date|{0} Fotos · Nach Datum ansehen|{0} fotos · Explorar por fecha|{0} fotografias · Ver por data|Фотографий: {0} · По дате
{0} 个文件夹 · 沿用原来的整理方式|{0} folders · Your existing organization|{0} フォルダー · 元の整理方法をそのままに|폴더 {0}개 · 기존 정리 방식 유지|{0} dossiers · Votre classement habituel|{0} Ordner · Deine gewohnte Ordnung|{0} carpetas · Tu organización habitual|{0} pastas · A sua organização habitual|Папок: {0} · Привычный порядок
{0} 个相册 · 一张照片，可以有多个归属|{0} albums · A photo can belong to several albums|{0} アルバム · 写真は複数のアルバムに追加できます|앨범 {0}개 · 사진을 여러 앨범에 담을 수 있어요|{0} albums · Une photo peut figurer dans plusieurs albums|{0} Alben · Ein Foto kann in mehreren Alben liegen|{0} álbumes · Una foto puede estar en varios álbumes|{0} álbuns · Uma fotografia pode estar em vários álbuns|Альбомов: {0} · Фото может быть в нескольких альбомах
{0} 张照片 · 分组不会移动原文件|{0} photos · Albums keep originals in place|写真 {0} 枚 · 元のファイルは移動しません|사진 {0}장 · 원본 파일은 이동하지 않아요|{0} photos · Les originaux restent en place|{0} Fotos · Originaldateien bleiben am selben Ort|{0} fotos · Los originales conservan su ubicación|{0} fotografias · Os originais mantêm a localização|Фотографий: {0} · Оригиналы остаются на месте
{0} 张照片 · 包含子文件夹|{0} photos · Including subfolders|写真 {0} 枚 · サブフォルダーを含む|사진 {0}장 · 하위 폴더 포함|{0} photos · Sous-dossiers inclus|{0} Fotos · Mit Unterordnern|{0} fotos · Incluye subcarpetas|{0} fotografias · Inclui subpastas|Фотографий: {0} · Включая вложенные папки
已显示 {0} / {1}|Showing {0} / {1}|{0} / {1} 枚を表示|{0} / {1}장 표시 중|Affichage : {0} / {1}|Angezeigt: {0} / {1}|Mostrando {0} / {1}|A mostrar {0} / {1}|Показано: {0} / {1}
还没有照片文件夹|No photo folders yet|写真フォルダーがありません|사진 폴더가 없어요|Aucun dossier photo|Noch keine Fotoordner|Aún no hay carpetas de fotos|Ainda não há pastas de fotografias|Папок с фотографиями пока нет
你的第一个相册，从这里开始|Your first album starts here|最初のアルバムを作りましょう|첫 앨범을 만들어보세요|Votre premier album commence ici|Hier beginnt dein erstes Album|Tu primer álbum empieza aquí|O seu primeiro álbum começa aqui|Создайте свой первый альбом
点击左下角刷新，读取所选照片文件夹。|Refresh at the bottom left to scan the selected photo folder.|左下の更新ボタンで、選んだ写真フォルダーを読み込みます。|왼쪽 아래 새로고침을 눌러 선택한 사진 폴더를 읽으세요.|Actualisez en bas à gauche pour analyser le dossier choisi.|Zum Einlesen des Fotoordners unten links aktualisieren.|Actualiza abajo a la izquierda para leer la carpeta elegida.|Atualize no canto inferior esquerdo para ler a pasta escolhida.|Нажмите «Обновить» внизу слева, чтобы прочитать выбранную папку.
旅行、家人、日常，给同一张照片不同的归属。|Travel, family, everyday life. A photo can tell more than one story.|旅、家族、日常。同じ写真を、いくつもの物語に。|여행, 가족, 일상. 한 장의 사진을 여러 이야기로 모아보세요.|Voyages, famille, quotidien : une photo, plusieurs histoires.|Reisen, Familie, Alltag: Ein Foto, viele Geschichten.|Viajes, familia, día a día: una foto, muchas historias.|Viagens, família, quotidiano: uma fotografia, várias histórias.|Путешествия, семья, будни: одна фотография, разные истории.
把喜欢的瞬间放在一起。\n从新建一个相册开始。|Bring favorite moments together.\nStart with a new album.|好きな瞬間をひとまとめに。\n新しいアルバムから始めましょう。|좋아하는 순간을 모아보세요.\n새 앨범부터 시작하세요.|Rassemblez vos instants préférés.\nCréez votre premier album.|Lieblingsmomente sammeln.\nErstelle ein neues Album.|Reúne tus momentos favoritos.\nCrea un álbum para empezar.|Junte os seus momentos favoritos.\nComece por criar um álbum.|Соберите любимые мгновения.\nНачните с нового альбома.
正在读取照片…|Loading photos…|写真を読み込み中…|사진 불러오는 중…|Chargement des photos…|Fotos werden geladen…|Cargando fotos…|A carregar fotografias…|Загрузка фотографий…
展开|Expand|展開|펼치기|Développer|Aufklappen|Expandir|Expandir|Развернуть
收起|Collapse|折りたたむ|접기|Réduire|Zuklappen|Contraer|Recolher|Свернуть
{0} {1}的照片|{0} photos from {1}|{1} の写真を{0}|{1} 사진 {0}|{0} les photos du {1}|Fotos vom {1} {0}|{0} fotos del {1}|{0} fotografias de {1}|{0} фотографии за {1}
换个关键词试试，支持文件名、文件夹名和日期。|Try another keyword: file names, folders or dates.|ファイル名、フォルダー名、日付で検索できます。別の言葉で試してください。|파일명, 폴더명, 날짜로 검색할 수 있어요. 다른 검색어를 입력해보세요.|Essayez un autre mot-clé : nom de fichier, dossier ou date.|Versuche einen anderen Suchbegriff: Dateiname, Ordner oder Datum.|Prueba otra palabra: nombre de archivo, carpeta o fecha.|Experimente outra palavra: nome de ficheiro, pasta ou data.|Попробуйте другое имя файла, папку или дату.
照片正在陆续加入，稍后会自动更新。|Photos are being added. This view will update automatically.|写真を追加しています。表示は自動更新されます。|사진을 추가하고 있어요. 화면이 자동으로 갱신됩니다.|Les photos sont en cours d’ajout. L’affichage sera actualisé.|Fotos werden hinzugefügt. Die Ansicht aktualisiert sich automatisch.|Se están añadiendo fotos. La vista se actualizará sola.|As fotografias estão a ser adicionadas. A vista será atualizada.|Фотографии добавляются. Список обновится автоматически.
去“全部照片”选择照片，再点“加入相册”。|Select photos in All photos, then choose Add to album.|「すべての写真」で写真を選び、「アルバムに追加」を押してください。|모든 사진에서 사진을 선택한 뒤 앨범에 추가를 누르세요.|Sélectionnez des photos dans Toutes les photos, puis Ajouter à un album.|Wähle unter Alle Fotos Bilder aus, dann Zu Album hinzufügen.|Selecciona fotos en Todas las fotos y pulsa Añadir al álbum.|Selecione fotografias em Todas as fotografias e escolha Adicionar ao álbum.|Выберите фотографии в разделе «Все фотографии», затем «Добавить в альбом».
打开照片，点右上角的爱心即可收藏。|Open a photo and click the heart to add it to favorites.|写真を開き、右上のハートでお気に入りに追加できます。|사진을 열고 오른쪽 위 하트를 눌러 즐겨찾기에 추가하세요.|Ouvrez une photo et cliquez sur le cœur pour l’ajouter aux favoris.|Öffne ein Foto und klicke auf das Herz für deine Favoriten.|Abre una foto y pulsa el corazón para añadirla a favoritos.|Abra uma fotografia e clique no coração para a adicionar aos favoritos.|Откройте фотографию и нажмите сердечко, чтобы добавить её в избранное.
这个相册还没有照片|This album is empty|このアルバムには写真がありません|이 앨범에 사진이 없어요|Cet album est vide|Dieses Album ist leer|Este álbum está vacío|Este álbum está vazio|В этом альбоме пока нет фотографий
没有找到匹配照片|No matching photos|一致する写真がありません|일치하는 사진이 없어요|Aucune photo correspondante|Keine passenden Fotos|No se encontraron fotos|Nenhuma fotografia encontrada|Подходящих фотографий не найдено
这里还没有照片|No photos here yet|写真がまだありません|아직 사진이 없어요|Aucune photo pour le moment|Hier sind noch keine Fotos|Aún no hay fotos aquí|Ainda não há fotografias aqui|Здесь пока нет фотографий
去选择照片|Choose photos|写真を選ぶ|사진 선택하기|Choisir des photos|Fotos auswählen|Elegir fotos|Escolher fotografias|Выбрать фотографии
选择照片|Select photos|写真を選択|사진 선택|Sélectionner|Fotos auswählen|Seleccionar fotos|Selecionar fotografias|Выбрать фото
完成选择|Done selecting|選択を完了|선택 완료|Terminer la sélection|Auswahl beenden|Terminar selección|Concluir seleção|Завершить выбор
已选 {0} 张|Selected: {0}|{0} 枚選択中|{0}장 선택됨|Sélection : {0}|Ausgewählt: {0}|Seleccionadas: {0}|Selecionadas: {0}|Выбрано: {0}
新建相册|New album|新規アルバム|새 앨범|Nouvel album|Neues Album|Nuevo álbum|Novo álbum|Новый альбом
重命名相册|Rename album|アルバム名を変更|앨범 이름 변경|Renommer l’album|Album umbenennen|Renombrar álbum|Mudar nome do álbum|Переименовать альбом
加入相册|Add to album|アルバムに追加|앨범에 추가|Ajouter à un album|Zu Album hinzufügen|Añadir al álbum|Adicionar ao álbum|Добавить в альбом
将 {0} 张照片加入相册，原文件保持不变。|Add {0} photos to an album. Original files stay unchanged.|{0} 枚をアルバムに追加します。元のファイルは変更されません。|사진 {0}장을 앨범에 추가합니다. 원본 파일은 변경되지 않아요.|Ajouter {0} photos à un album, sans modifier les originaux.|{0} Fotos zu einem Album hinzufügen. Originale bleiben unverändert.|Añade {0} fotos a un álbum sin modificar los originales.|Adicione {0} fotografias a um álbum sem alterar os originais.|Добавить фотографии ({0}) в альбом. Оригиналы не изменятся.
已加入「{0}」|Added to “{0}”|「{0}」に追加しました|‘{0}’에 추가했어요|Ajouté à « {0} »|Zu „{0}“ hinzugefügt|Añadidas a «{0}»|Adicionadas a «{0}»|Добавлено в «{0}»
第 {0} 张：{1}|Photo {0}: {1}|写真 {0}：{1}|사진 {0}: {1}|Photo {0} : {1}|Foto {0}: {1}|Foto {0}: {1}|Fotografia {0}: {1}|Фото {0}: {1}
无法预览|Preview unavailable|プレビューできません|미리보기 불가|Aperçu indisponible|Vorschau nicht verfügbar|Vista previa no disponible|Pré-visualização indisponível|Просмотр недоступен
附近 {0}–{1} 张|Nearby: {0}–{1}|付近の写真 {0}–{1}|주변 사진 {0}–{1}|À proximité : {0}–{1}|In der Nähe: {0}–{1}|Cercanas: {0}–{1}|Próximas: {0}–{1}|Рядом: {0}–{1}
缩略图正在准备|Preparing thumbnails|サムネイルを準備中|미리보기 준비 중|Préparation des miniatures|Miniaturen werden vorbereitet|Preparando miniaturas|A preparar miniaturas|Подготовка миниатюр
第 {0} 张，共 {1} 张|Photo {0} of {1}|{1} 枚中 {0} 枚目|{1}장 중 {0}번째|Photo {0} sur {1}|Foto {0} von {1}|Foto {0} de {1}|Fotografia {0} de {1}|Фото {0} из {1}
正在读取预览…|Loading preview…|プレビューを読み込み中…|미리보기 불러오는 중…|Chargement de l’aperçu…|Vorschau wird geladen…|Cargando vista previa…|A carregar pré-visualização…|Загрузка предпросмотра…
基于全分辨率显示画面采样|Sampled from the full-resolution display|フル解像度の表示画像からサンプリング|전체 해상도 화면에서 샘플링|Échantillonné sur l’image pleine résolution|Aus der Vollauflösungsanzeige ermittelt|Muestreado de la imagen a resolución completa|Amostrado da imagem em resolução total|По изображению в полном разрешении
基于快速预览采样 · 非 RAW 原始数据|Sampled from quick preview · Not raw sensor data|高速プレビューからサンプリング · RAW の元データではありません|빠른 미리보기에서 샘플링 · RAW 원시 데이터 아님|Échantillonné sur l’aperçu · Pas les données RAW brutes|Aus der Schnellvorschau · Keine RAW-Sensordaten|Muestreado de vista rápida · No son datos RAW originales|Amostrado da pré-visualização · Não são dados RAW originais|По быстрому просмотру · Не исходные данные RAW
此预览暂时无法计算直方图|Histogram unavailable for this preview|このプレビューのヒストグラムは計算できません|이 미리보기의 히스토그램을 계산할 수 없어요|Histogramme indisponible pour cet aperçu|Histogramm für diese Vorschau nicht verfügbar|Histograma no disponible para esta vista|Histograma indisponível para esta imagem|Гистограмма для этого предпросмотра недоступна
无可用预览，无法计算直方图|No preview available for histogram|プレビューがないためヒストグラムを表示できません|미리보기가 없어 히스토그램을 표시할 수 없어요|Aucun aperçu pour calculer l’histogramme|Keine Vorschau zur Histogrammberechnung|Sin vista previa para calcular el histograma|Sem pré-visualização para calcular o histograma|Нет предпросмотра для расчёта гистограммы
日期|Date|日付|날짜|Date|Datum|Fecha|Data|Дата
日期依据|Date source|日付の取得元|날짜 기준|Origine de la date|Datumsquelle|Origen de la fecha|Origem da data|Источник даты
格式|Format|形式|형식|Format|Format|Formato|Formato|Формат
文件大小|File size|ファイルサイズ|파일 크기|Taille du fichier|Dateigröße|Tamaño de archivo|Tamanho do ficheiro|Размер файла
所在文件夹|Folder|保存先フォルダー|저장 폴더|Dossier|Ordner|Carpeta|Pasta|Папка
尺寸|Dimensions|画像サイズ|크기|Dimensions|Abmessungen|Dimensiones|Dimensões|Размеры
正在读取拍摄参数…|Loading camera details…|撮影情報を読み込み中…|촬영 정보 불러오는 중…|Chargement des paramètres…|Aufnahmedaten werden geladen…|Cargando datos de captura…|A carregar dados de captura…|Загрузка параметров съёмки…
未记录|Not recorded|記録なし|기록 없음|Non renseigné|Nicht erfasst|Sin registrar|Não registado|Не указано
当前输出|Current output|現在の出力|현재 출력|Sortie actuelle|Aktuelle Ausgabe|Salida actual|Saída atual|Текущий вывод
拍摄参数暂时无法读取|Camera details unavailable|撮影情報を読み込めません|촬영 정보를 읽을 수 없어요|Paramètres de prise de vue indisponibles|Aufnahmedaten nicht verfügbar|Datos de captura no disponibles|Dados de captura indisponíveis|Параметры съёмки недоступны
已开始刷新图库|Library refresh started|ライブラリの更新を開始しました|라이브러리 새로고침을 시작했어요|Actualisation de la photothèque lancée|Aktualisierung gestartet|Actualización de fototeca iniciada|Atualização da fototeca iniciada|Обновление фототеки начато
已从此相册移除，原照片仍保留|Removed from album. Original photos are kept.|アルバムから削除しました。元の写真は残っています。|앨범에서 제거했어요. 원본 사진은 유지됩니다.|Retiré de l’album. Les originaux sont conservés.|Aus dem Album entfernt. Originale bleiben erhalten.|Retiradas del álbum. Se conservan los originales.|Removidas do álbum. Os originais são mantidos.|Удалено из альбома. Оригиналы сохранены.
相册已重命名|Album renamed|アルバム名を変更しました|앨범 이름을 변경했어요|Album renommé|Album umbenannt|Álbum renombrado|Nome do álbum alterado|Альбом переименован
相册已创建|Album created|アルバムを作成しました|앨범을 만들었어요|Album créé|Album erstellt|Álbum creado|Álbum criado|Альбом создан
相册已删除，原照片未改动|Album deleted. Original photos are unchanged.|アルバムを削除しました。元の写真は変更されていません。|앨범을 삭제했어요. 원본 사진은 변경되지 않았어요.|Album supprimé. Les originaux sont inchangés.|Album gelöscht. Originalfotos bleiben unverändert.|Álbum eliminado. Los originales no han cambiado.|Álbum eliminado. Os originais não foram alterados.|Альбом удалён. Оригиналы не изменены.
图片|Images|画像|이미지|Images|Bilder|Imágenes|Imagens|Изображения
RAW 预览图|RAW preview|RAW プレビュー|RAW 미리보기|Aperçu RAW|RAW-Vorschau|Vista previa RAW|Pré-visualização RAW|Предпросмотр RAW
复制图片到剪贴板|Copy image to clipboard|画像をクリップボードにコピー|이미지를 클립보드에 복사|Copier l’image dans le presse-papiers|Bild in die Zwischenablage kopieren|Copiar imagen al portapapeles|Copiar imagem para a área de transferência|Копировать изображение в буфер
正在复制图片…|Copying image…|画像をコピー中…|이미지 복사 중…|Copie de l’image…|Bild wird kopiert…|Copiando imagen…|A copiar imagem…|Копирование изображения…
{0}已复制到剪贴板（{1} × {2}），请在输入框按 Ctrl+V|{0} copied ({1} × {2}). Press Ctrl+V to paste.|{0}をコピーしました（{1} × {2}）。Ctrl+V で貼り付けます。|{0} 복사 완료({1} × {2}). Ctrl+V로 붙여넣으세요.|{0} copié ({1} × {2}). Collez avec Ctrl+V.|{0} kopiert ({1} × {2}). Mit Strg+V einfügen.|{0} copiada ({1} × {2}). Pega con Ctrl+V.|{0} copiada ({1} × {2}). Cole com Ctrl+V.|{0} скопировано ({1} × {2}). Нажмите Ctrl+V.
删除原照片？|Delete original photos?|元の写真を削除しますか？|원본 사진을 삭제할까요?|Supprimer les photos originales ?|Originalfotos löschen?|¿Eliminar las fotos originales?|Eliminar as fotografias originais?|Удалить оригиналы фотографий?
复制照片|Copy photos|写真をコピー|사진 복사|Copier les photos|Fotos kopieren|Copiar fotos|Copiar fotografias|Копировать фотографии
导出分享包|Export a sharing archive|共有用 ZIP を書き出す|공유 ZIP 내보내기|Exporter une archive à partager|Archiv zum Teilen exportieren|Exportar archivo para compartir|Exportar arquivo para partilhar|Экспортировать архив для отправки
已选 {0} 张 · 原文件共 {1}|Selected: {0} · Original files: {1}|{0} 枚選択中 · 元ファイル合計 {1}|{0}장 선택됨 · 원본 파일 총 {1}|Sélection : {0} · Originaux : {1}|Ausgewählt: {0} · Originaldateien: {1}|Seleccionadas: {0} · Originales: {1}|Selecionadas: {0} · Originais: {1}|Выбрано: {0} · Объём оригиналов: {1}
以及另外 {0} 张照片|And {0} more photos|ほか {0} 枚の写真|외 사진 {0}장|Et {0} autres photos|Und {0} weitere Fotos|Y {0} fotos más|E mais {0} fotografias|И ещё фотографий: {0}
放入回收站|Move to Recycle Bin|ごみ箱に移動|휴지통으로 이동|Déplacer vers la Corbeille|In den Papierkorb|Mover a la Papelera|Mover para a Reciclagem|Переместить в корзину
开始复制|Start copying|コピー開始|복사 시작|Démarrer la copie|Kopieren starten|Iniciar copia|Iniciar cópia|Начать копирование
生成 ZIP|Create ZIP|ZIP を作成|ZIP 만들기|Créer un ZIP|ZIP erstellen|Crear ZIP|Criar ZIP|Создать ZIP
处理中…|Processing…|処理中…|처리 중…|Traitement…|Verarbeitung…|Procesando…|A processar…|Обработка…
正在放入回收站|Moving to Recycle Bin|ごみ箱に移動中|휴지통으로 이동 중|Déplacement vers la Corbeille|Verschieben in den Papierkorb|Moviendo a la Papelera|A mover para a Reciclagem|Перемещение в корзину
正在复制照片|Copying photos|写真をコピー中|사진 복사 중|Copie des photos|Fotos werden kopiert|Copiando fotos|A copiar fotografias|Копирование фотографий
正在生成分享包|Creating sharing archive|共有用 ZIP を作成中|공유 ZIP 만드는 중|Création de l’archive|Archiv wird erstellt|Creando archivo para compartir|A criar arquivo para partilhar|Создание архива для отправки
准备处理…|Preparing…|準備中…|준비 중…|Préparation…|Vorbereitung…|Preparando…|A preparar…|Подготовка…
已处理 {0} / {1} 张|Processed: {0} / {1}|処理済み {0} / {1} 枚|{0} / {1}장 처리됨|Traitées : {0} / {1}|Verarbeitet: {0} / {1}|Procesadas: {0} / {1}|Processadas: {0} / {1}|Обработано: {0} / {1}
操作未全部完成|Some operations could not be completed|一部の処理が完了しませんでした|일부 작업을 완료하지 못했어요|Certaines opérations ont échoué|Nicht alle Vorgänge abgeschlossen|No se completaron todas las operaciones|Algumas operações não foram concluídas|Выполнены не все операции
处理完成|Completed|処理完了|처리 완료|Terminé|Abgeschlossen|Completado|Concluído|Готово
成功 {0} / {1} 张|Succeeded: {0} / {1}|成功 {0} / {1} 枚|{0} / {1}장 성공|Réussies : {0} / {1}|Erfolgreich: {0} / {1}|Correctas: {0} / {1}|Com sucesso: {0} / {1}|Успешно: {0} / {1}
可在 Windows 回收站还原|Restorable from Windows Recycle Bin|Windows のごみ箱から復元できます|Windows 휴지통에서 복원할 수 있어요|Récupérable dans la Corbeille Windows|Im Windows-Papierkorb wiederherstellbar|Recuperable desde la Papelera de Windows|Recuperável na Reciclagem do Windows|Можно восстановить из корзины Windows
完成|Done|完了|완료|Terminé|Fertig|Listo|Concluído|Готово
关闭|Close|閉じる|닫기|Fermer|Schließen|Cerrar|Fechar|Закрыть
暂时无法读取处理进度|Progress is currently unavailable|処理状況を読み込めません|진행 상황을 읽을 수 없어요|Progression momentanément indisponible|Fortschritt derzeit nicht verfügbar|Progreso no disponible por ahora|Progresso temporariamente indisponível|Не удалось получить ход выполнения
请检查目标文件夹，避免重复操作。|Check the destination folder before trying again.|再実行する前に保存先フォルダーを確認してください。|중복 작업을 피하려면 대상 폴더를 확인하세요.|Vérifiez le dossier de destination avant de réessayer.|Prüfe den Zielordner, bevor du es erneut versuchst.|Revisa la carpeta de destino antes de repetir la operación.|Verifique a pasta de destino antes de repetir a operação.|Проверьте папку назначения, чтобы не повторить операцию.
本机固定磁盘|Local fixed drive|ローカル固定ディスク|로컬 고정 드라이브|Disque local fixe|Lokales Festplattenlaufwerk|Disco fijo local|Disco fixo local|Локальный фиксированный диск
默认不选|Not selected by default|初期状態では未選択|기본 선택 안 함|Non sélectionné par défaut|Standardmäßig nicht ausgewählt|Sin seleccionar por defecto|Não selecionado por predefinição|По умолчанию не выбран
暂未找到可用的本机固定磁盘。|No available local fixed drives found.|利用可能なローカル固定ディスクがありません。|사용 가능한 로컬 고정 드라이브가 없어요.|Aucun disque local fixe disponible.|Keine verfügbaren lokalen Festplatten gefunden.|No hay discos fijos locales disponibles.|Não foram encontrados discos fixos locais disponíveis.|Доступных локальных фиксированных дисков не найдено.
已选 {0} 个磁盘|Selected drives: {0}|{0} 個のディスクを選択中|드라이브 {0}개 선택됨|Disques sélectionnés : {0}|Ausgewählte Laufwerke: {0}|Discos seleccionados: {0}|Discos selecionados: {0}|Выбрано дисков: {0}
已选择照片文件夹|Photo folder selected|写真フォルダーを選択しました|사진 폴더를 선택했어요|Dossier photo sélectionné|Fotoordner ausgewählt|Carpeta de fotos seleccionada|Pasta de fotografias selecionada|Папка фотографий выбрана
请重新选择浏览范围|Choose a browsing location again|閲覧する場所を選び直してください|탐색 범위를 다시 선택하세요|Choisissez à nouveau un emplacement|Wähle den Anzeigebereich erneut|Vuelve a elegir dónde explorar|Volte a escolher o local a explorar|Выберите область просмотра заново
选择要浏览的照片文件夹|Choose a photo folder to browse|閲覧する写真フォルダーを選択|탐색할 사진 폴더 선택|Choisir un dossier photo à parcourir|Fotoordner zum Ansehen wählen|Elige una carpeta de fotos|Escolha uma pasta de fotografias|Выберите папку фотографий для просмотра
正在切换…|Switching…|切り替え中…|전환 중…|Changement en cours…|Wird gewechselt…|Cambiando…|A mudar…|Переключение…
应用并浏览|Apply and browse|適用して表示|적용하고 보기|Appliquer et parcourir|Anwenden und ansehen|Aplicar y explorar|Aplicar e explorar|Применить и открыть
正在读取文件夹…|Loading folders…|フォルダーを読み込み中…|폴더 불러오는 중…|Chargement des dossiers…|Ordner werden geladen…|Cargando carpetas…|A carregar pastas…|Загрузка папок…
本机磁盘|Local drives|ローカルディスク|로컬 드라이브|Disques locaux|Lokale Laufwerke|Discos locales|Discos locais|Локальные диски
此处没有可浏览的子文件夹，可以直接使用当前文件夹。|No subfolders here. You can use this folder.|サブフォルダーはありません。このフォルダーを使用できます。|하위 폴더가 없어요. 현재 폴더를 사용할 수 있습니다.|Aucun sous-dossier. Vous pouvez utiliser ce dossier.|Keine Unterordner. Du kannst diesen Ordner verwenden.|No hay subcarpetas. Puedes usar esta carpeta.|Sem subpastas. Pode utilizar esta pasta.|Вложенных папок нет. Можно использовать текущую папку.
选择保存文件夹|Choose destination folder|保存先フォルダーを選択|저장 폴더 선택|Choisir le dossier de destination|Zielordner auswählen|Elegir carpeta de destino|Escolher pasta de destino|Выберите папку назначения
16 bit / 通道 · RGB PNG（48 bit）|16 bit/channel · RGB PNG (48 bit)|16 bit/チャンネル · RGB PNG（48 bit）|채널당 16 bit · RGB PNG(48 bit)|16 bits/canal · PNG RGB (48 bits)|16 Bit/Kanal · RGB-PNG (48 Bit)|16 bits/canal · PNG RGB (48 bits)|16 bits/canal · PNG RGB (48 bits)|16 бит/канал · RGB PNG (48 бит)
原文件|Original file|元のファイル|원본 파일|Fichier original|Originaldatei|Archivo original|Ficheiro original|Исходный файл
位深待读取|Bit depth pending|ビット深度を読み込み中|비트 심도 읽는 중|Profondeur en attente|Bittiefe wird gelesen|Profundidad pendiente|Profundidade pendente|Определение глубины цвета
8 bit / 通道 · 原尺寸转换图像|8 bit/channel · Converted at original size|8 bit/チャンネル · 元サイズで変換|채널당 8 bit · 원본 크기로 변환|8 bits/canal · Convertie à la taille d’origine|8 Bit/Kanal · In Originalgröße konvertiert|8 bits/canal · Convertida al tamaño original|8 bits/canal · Convertida no tamanho original|8 бит/канал · Преобразовано в исходном размере
8 bit / 通道 · 快速预览|8 bit/channel · Quick preview|8 bit/チャンネル · 高速プレビュー|채널당 8 bit · 빠른 미리보기|8 bits/canal · Aperçu rapide|8 Bit/Kanal · Schnellvorschau|8 bits/canal · Vista rápida|8 bits/canal · Pré-visualização rápida|8 бит/канал · Быстрый просмотр
原图细节读取失败，可点击重试|Original detail failed to load. Click to retry.|元画像を読み込めませんでした。クリックして再試行できます。|원본을 불러오지 못했어요. 눌러서 다시 시도하세요.|Impossible de charger l’original. Cliquez pour réessayer.|Original konnte nicht geladen werden. Zum Wiederholen klicken.|No se pudo cargar el original. Pulsa para reintentar.|Não foi possível carregar o original. Clique para tentar de novo.|Не удалось загрузить оригинал. Нажмите для повтора.
正在完整解码 RAW，首次需要几秒…|Decoding full RAW image. First load may take a few seconds…|RAW をフル解像度でデコード中。初回は数秒かかります…|RAW 전체 디코딩 중. 처음에는 몇 초 걸릴 수 있어요…|Décodage RAW complet. Le premier chargement peut prendre quelques secondes…|RAW wird vollständig dekodiert. Beim ersten Mal kann es einige Sekunden dauern…|Decodificando RAW completo. La primera carga puede tardar unos segundos…|A descodificar o RAW completo. A primeira vez pode demorar alguns segundos…|Полное декодирование RAW. Первая загрузка может занять несколько секунд…
正在读取原图…|Loading original…|元画像を読み込み中…|원본 불러오는 중…|Chargement de l’original…|Original wird geladen…|Cargando original…|A carregar o original…|Загрузка оригинала…
完整分辨率|Full resolution|フル解像度|전체 해상도|Pleine résolution|Volle Auflösung|Resolución completa|Resolução total|Полное разрешение
快速预览|Quick preview|高速プレビュー|빠른 미리보기|Aperçu rapide|Schnellvorschau|Vista rápida|Pré-visualização rápida|Быстрый просмотр
滚轮缩放 · 放大后可拖动|Scroll to zoom · Drag when zoomed|ホイールで拡大 · 拡大後はドラッグで移動|휠로 확대 · 확대 후 드래그로 이동|Molette pour zoomer · Glisser une fois zoomé|Mausrad zum Zoomen · Vergrößert ziehen|Rueda para ampliar · Arrastra al ampliar|Roda para ampliar · Arraste após ampliar|Колесо — масштаб · Перетаскивайте при увеличении
{0} · 拖动查看 · 双击复位|{0} · Drag to pan · Double-click to reset|{0} · ドラッグで移動 · ダブルクリックで元に戻す|{0} · 드래그로 이동 · 두 번 클릭해 초기화|{0} · Glisser pour déplacer · Double-clic pour réinitialiser|{0} · Ziehen zum Verschieben · Doppelklick zum Zurücksetzen|{0} · Arrastra para mover · Doble clic para restablecer|{0} · Arraste para mover · Duplo clique para repor|{0} · Перетаскивайте · Двойной щелчок для сброса
放大照片（也可使用鼠标滚轮）|Zoom in (or use the mouse wheel)|写真を拡大（ホイールも使えます）|사진 확대(마우스 휠 사용 가능)|Agrandir (ou utiliser la molette)|Vergrößern (auch mit dem Mausrad)|Ampliar (o usar la rueda)|Ampliar (ou usar a roda do rato)|Увеличить (или используйте колесо мыши)
恢复适合窗口|Fit to window|ウィンドウに合わせる|창에 맞추기|Ajuster à la fenêtre|An Fenster anpassen|Ajustar a ventana|Ajustar à janela|По размеру окна
长按照片拖选 · 双击空白清空选择 · Ctrl+Z 撤销选择|Hold and drag to select · Double-click empty space to clear · Ctrl+Z to undo|長押ししてドラッグで選択 · 余白をダブルクリックで解除 · Ctrl+Z で元に戻す|길게 눌러 드래그 선택 · 빈 곳 두 번 클릭해 해제 · Ctrl+Z로 취소|Maintenir et glisser pour sélectionner · Double-clic sur le vide pour effacer · Ctrl+Z pour annuler|Gedrückt ziehen zum Auswählen · Leere Fläche doppelklicken zum Leeren · Strg+Z zum Rückgängigmachen|Mantén y arrastra para seleccionar · Doble clic en vacío para limpiar · Ctrl+Z para deshacer|Mantenha e arraste para selecionar · Duplo clique no vazio para limpar · Ctrl+Z para anular|Удерживайте и тяните для выбора · Двойной щелчок на пустом месте — сброс · Ctrl+Z — отмена
已撤销本次拖选|Drag selection undone|ドラッグ選択を取り消しました|드래그 선택을 취소했어요|Sélection glissée annulée|Ziehauswahl rückgängig gemacht|Selección por arrastre deshecha|Seleção por arrasto anulada|Выбор перетаскиванием отменён
没有可撤销的选择|No selection to undo|取り消せる選択はありません|취소할 선택이 없어요|Aucune sélection à annuler|Keine Auswahl zum Rückgängigmachen|No hay selección que deshacer|Sem seleção para anular|Нет выбора для отмены
已撤销上一步选择|Previous selection undone|前の選択を取り消しました|이전 선택을 취소했어요|Sélection précédente annulée|Letzte Auswahl rückgängig gemacht|Última selección deshecha|Última seleção anulada|Предыдущий выбор отменён
正在连续选择 · 已选 {0} 张 · 松开完成|Selecting · {0} selected · Release to finish|連続選択中 · {0} 枚選択 · 離すと完了|연속 선택 중 · {0}장 선택됨 · 놓으면 완료|Sélection en cours · {0} sélectionnées · Relâcher pour terminer|Auswahl läuft · {0} ausgewählt · Zum Beenden loslassen|Seleccionando · {0} elegidas · Suelta para terminar|A selecionar · {0} escolhidas · Solte para concluir|Выбор · Выбрано: {0} · Отпустите для завершения
✓ 已选择当前照片|✓ Current photo selected|✓ この写真を選択済み|✓ 현재 사진 선택됨|✓ Photo actuelle sélectionnée|✓ Aktuelles Foto ausgewählt|✓ Foto actual seleccionada|✓ Fotografia atual selecionada|✓ Текущее фото выбрано
□ 选择当前照片|□ Select current photo|□ この写真を選択|□ 현재 사진 선택|□ Sélectionner cette photo|□ Aktuelles Foto auswählen|□ Seleccionar foto actual|□ Selecionar fotografia atual|□ Выбрать текущее фото
完成缩略图多选|Finish picking|複数選択を完了|미리보기 선택 완료|Terminer la sélection|Mehrfachauswahl beenden|Terminar selección|Concluir seleção|Завершить выбор миниатюр
多选缩略图|Pick thumbnails|サムネイルを複数選択|미리보기 여러 장 선택|Sélection multiple|Miniaturen auswählen|Elegir miniaturas|Escolher miniaturas|Выбрать миниатюры
加入相册（{0}）|Add to album ({0})|アルバムに追加（{0}）|앨범에 추가({0})|Ajouter à un album ({0})|Zu Album hinzufügen ({0})|Añadir al álbum ({0})|Adicionar ao álbum ({0})|В альбом ({0})
点击缩略图勾选 · 用左右箭头或时间轴继续看大图|Click thumbnails to select · Browse with arrows or the timeline|サムネイルをクリックで選択 · 矢印や時間軸で写真を移動|미리보기 클릭으로 선택 · 화살표나 시간축으로 사진 이동|Cliquer pour sélectionner · Parcourir avec les flèches ou la chronologie|Miniaturen anklicken · Mit Pfeilen oder Zeitleiste weiterblättern|Pulsa miniaturas para elegir · Navega con flechas o la cronología|Clique nas miniaturas para selecionar · Navegue com setas ou cronologia|Нажимайте миниатюры для выбора · Листайте стрелками или по шкале
悬停放大 · 点击或拖动松开切换 · 滚轮浏览缩略图|Hover to enlarge · Click or drag to switch · Scroll for thumbnails|ホバーで拡大 · クリックやドラッグで切替 · ホイールでサムネイル移動|올려서 확대 · 클릭 또는 드래그로 전환 · 휠로 미리보기 탐색|Survol pour agrandir · Cliquer ou glisser pour changer · Molette pour les miniatures|Zeigen zum Vergrößern · Klicken oder Ziehen zum Wechseln · Mausrad für Miniaturen|Pasa el cursor para ampliar · Pulsa o arrastra para cambiar · Rueda para miniaturas|Passe o cursor para ampliar · Clique ou arraste para mudar · Roda para miniaturas|Наведение — увеличение · Щелчок или перетаскивание — переход · Колесо — миниатюры
，已选择|, selected|、選択済み|, 선택됨|, sélectionnée|, ausgewählt|, seleccionada|, selecionada|, выбрано
，点击切换选择|, click to toggle selection|、クリックで選択切替|, 클릭하여 선택 전환|, cliquer pour changer la sélection|, klicken zum Auswählen oder Abwählen|, pulsa para cambiar selección|, clique para alternar seleção|, нажмите для изменения выбора
正在定位刚刚浏览的照片…|Returning to the last viewed photo…|最後に見た写真に移動中…|마지막으로 본 사진 찾는 중…|Retour à la dernière photo consultée…|Letztes angesehenes Foto wird gesucht…|Volviendo a la última foto vista…|A voltar à última fotografia vista…|Переход к последнему просмотренному фото…
照片列表已变化，未找到刚刚浏览的照片|The list changed. The last viewed photo could not be found.|一覧が変更され、最後に見た写真が見つかりません。|목록이 바뀌어 마지막으로 본 사진을 찾지 못했어요.|La liste a changé. La dernière photo est introuvable.|Die Liste wurde geändert. Das letzte Foto wurde nicht gefunden.|La lista cambió. No se encontró la última foto vista.|A lista mudou. A última fotografia não foi encontrada.|Список изменился. Последнее фото не найдено.
全图库定位|Library timeline|全写真の時間軸|전체 시간축|Chronologie globale|Gesamte Zeitleiste|Cronología completa|Cronologia completa|Шкала всей фототеки
当前范围定位|Current view timeline|表示範囲の時間軸|현재 범위 시간축|Chronologie de la vue|Zeitleiste dieser Ansicht|Cronología de esta vista|Cronologia desta vista|Шкала текущего просмотра
{0} · 第 {1} 张 · {2}|{0} · Photo {1} · {2}|{0} · 写真 {1} · {2}|{0} · 사진 {1} · {2}|{0} · Photo {1} · {2}|{0} · Foto {1} · {2}|{0} · Foto {1} · {2}|{0} · Fotografia {1} · {2}|{0} · Фото {1} · {2}
跳到 {0}，第 {1} 张|Go to {0}, photo {1}|{0}、写真 {1} に移動|{0}, 사진 {1}(으)로 이동|Aller à {0}, photo {1}|Zu {0}, Foto {1} springen|Ir a {0}, foto {1}|Ir para {0}, fotografia {1}|Перейти к {0}, фото {1}
日期暂时不可用|Dates unavailable|日付を表示できません|날짜를 표시할 수 없어요|Dates indisponibles|Datumsangaben nicht verfügbar|Fechas no disponibles|Datas indisponíveis|Даты недоступны
测试版|Beta|ベータ版|베타|Bêta|Beta|Beta|Beta|Бета
定位|Here|現在地|현재 위치|Ici|Hier|Aquí|Aqui|Здесь
刚刚浏览|Last viewed|最後に表示|마지막으로 본 사진|Dernière vue|Zuletzt angesehen|Última vista|Última vista|Последний просмотр
语言 / Language|Language|言語 / Language|언어 / Language|Langue / Language|Sprache / Language|Idioma / Language|Idioma / Language|Язык / Language
选择界面语言，立即生效并保存在本机。|Choose your language. Changes apply immediately and are saved on this computer.|表示言語を選びます。すぐに反映され、このパソコンに保存されます。|표시 언어를 선택하세요. 즉시 적용되고 이 컴퓨터에 저장됩니다.|Choisissez votre langue. Le changement est immédiat et enregistré sur cet ordinateur.|Wähle deine Sprache. Sie wird sofort angewendet und auf diesem Computer gespeichert.|Elige el idioma. Se aplica al instante y se guarda en este equipo.|Escolha o idioma. É aplicado de imediato e guardado neste computador.|Выберите язык. Изменение применяется сразу и сохраняется на этом компьютере.
界面语言|Display language|表示言語|표시 언어|Langue d’affichage|Anzeigesprache|Idioma de la interfaz|Idioma da interface|Язык интерфейса
照片来源|Photo sources|写真の場所|사진 소스|Sources des photos|Fotoquellen|Origen de fotos|Origem das fotografias|Источники фотографий
设置照片来源|Choose photo sources|写真の場所を設定|사진 소스 설정|Choisir les sources photo|Fotoquellen einstellen|Configurar origen de fotos|Configurar origem das fotografias|Настроить источники фотографий
查看本次版本更新说明|View release notes|更新内容を見る|업데이트 내용 보기|Voir les nouveautés|Versionshinweise anzeigen|Ver novedades|Ver novidades|Посмотреть изменения версии
更新说明|Release notes|更新情報|업데이트 안내|Nouveautés|Versionshinweise|Novedades|Novidades|Что нового
本机照片|Local photos|このパソコンの写真|로컬 사진|Photos locales|Lokale Fotos|Fotos locales|Fotografias locais|Локальные фотографии
正在读取照片目录…|Loading photo folder…|写真フォルダーを読み込み中…|사진 폴더 불러오는 중…|Chargement du dossier photo…|Fotoordner wird geladen…|Cargando carpeta de fotos…|A carregar pasta de fotografias…|Загрузка папки фотографий…
重新扫描文件夹|Rescan folder|フォルダーを再スキャン|폴더 다시 검색|Analyser à nouveau le dossier|Ordner erneut einlesen|Volver a analizar carpeta|Voltar a analisar pasta|Повторно сканировать папку
刷新图库|Refresh library|ライブラリを更新|라이브러리 새로고침|Actualiser la photothèque|Mediathek aktualisieren|Actualizar fototeca|Atualizar fototeca|Обновить фототеку
相册设置|Album settings|アルバム設定|앨범 설정|Réglages de l’album|Albumeinstellungen|Ajustes del álbum|Definições do álbum|Настройки альбома
搜索照片、文件夹或日期|Search photos, folders or dates|写真、フォルダー、日付で検索|사진, 폴더, 날짜 검색|Rechercher photos, dossiers ou dates|Fotos, Ordner oder Datum suchen|Buscar fotos, carpetas o fechas|Pesquisar fotografias, pastas ou datas|Поиск фото, папок или дат
搜索照片|Search photos|写真を検索|사진 검색|Rechercher des photos|Fotos suchen|Buscar fotos|Pesquisar fotografias|Поиск фотографий
全部格式|All formats|すべての形式|모든 형식|Tous les formats|Alle Formate|Todos los formatos|Todos os formatos|Все форматы
排列方式|Sort order|並び順|정렬 방식|Ordre de tri|Sortierreihenfolge|Orden|Ordenação|Порядок сортировки
日期从新到旧|Newest first|新しい順|최신순|Plus récentes d’abord|Neueste zuerst|Más recientes primero|Mais recentes primeiro|Сначала новые
日期从旧到新|Oldest first|古い順|오래된순|Plus anciennes d’abord|Älteste zuerst|Más antiguas primero|Mais antigas primeiro|Сначала старые
加载更多照片|Load more photos|写真をさらに読み込む|사진 더 불러오기|Charger plus de photos|Weitere Fotos laden|Cargar más fotos|Carregar mais fotografias|Загрузить ещё фотографии
照片留在原处 · 相册只记录归属|Photos stay in place · Albums only organize them|写真は元の場所に · アルバムは所属だけを記録|사진은 원래 위치에 · 앨범은 분류만 기록|Les photos restent en place · Les albums les organisent|Fotos bleiben am Ort · Alben ordnen nur zu|Las fotos no se mueven · Los álbumes solo las organizan|As fotografias não se movem · Os álbuns apenas as organizam|Фото остаются на месте · Альбомы только группируют их
照片操作|Photo actions|写真の操作|사진 작업|Actions photo|Fotoaktionen|Acciones de fotos|Ações de fotografias|Действия с фото
选择已加载照片|Select loaded photos|読み込み済みを選択|불러온 사진 선택|Sélectionner les photos chargées|Geladene Fotos auswählen|Seleccionar fotos cargadas|Selecionar fotografias carregadas|Выбрать загруженные фото
取消选择|Deselect|選択解除|선택 해제|Désélectionner|Auswahl aufheben|Deseleccionar|Desmarcar|Снять выбор
从此相册移除|Remove from this album|このアルバムから削除|이 앨범에서 제거|Retirer de cet album|Aus diesem Album entfernen|Quitar de este álbum|Remover deste álbum|Убрать из этого альбома
复制|Copy|コピー|복사|Copier|Kopieren|Copiar|Copiar|Копировать
分享 ZIP|Share ZIP|ZIP で共有|ZIP 공유|Partager un ZIP|ZIP teilen|Compartir ZIP|Partilhar ZIP|ZIP для отправки
删除原照片|Delete originals|元の写真を削除|원본 사진 삭제|Supprimer les originaux|Originale löschen|Eliminar originales|Eliminar originais|Удалить оригиналы
关闭更新说明|Close release notes|更新情報を閉じる|업데이트 안내 닫기|Fermer les nouveautés|Versionshinweise schließen|Cerrar novedades|Fechar novidades|Закрыть список изменений
本次更新|What’s new|今回の更新|이번 업데이트|Quoi de neuf ?|Das ist neu|Novedades de esta versión|Novidades desta versão|Что нового в версии
以后可在侧栏“更新说明”中查看|Find these notes in the sidebar anytime|サイドバーの「更新情報」からいつでも確認できます|사이드바의 업데이트 안내에서 다시 볼 수 있어요|Retrouvez ces notes dans la barre latérale|Jederzeit in der Seitenleiste nachlesen|Consulta estas notas en la barra lateral|Consulte estas notas na barra lateral|Откройте этот список в боковой панели в любое время
开始浏览|Start browsing|写真を見る|둘러보기|Commencer|Loslegen|Empezar|Começar|Начать просмотр
留住同一个主题|Moments with a common thread|ひとつのテーマで残そう|같은 주제로 모은 순간|Des instants autour d’un thème|Momente zu einem Thema|Momentos bajo un mismo tema|Momentos com um tema em comum|Мгновения, объединённые темой
相册不会复制或移动照片，你可以把一张照片放进多个相册。|Albums do not copy or move files. A photo can belong to several albums.|アルバムは写真をコピー・移動しません。同じ写真を複数のアルバムに追加できます。|앨범은 사진을 복사하거나 이동하지 않아요. 한 장을 여러 앨범에 추가할 수 있습니다.|Les albums ne copient ni ne déplacent les fichiers. Une photo peut figurer dans plusieurs albums.|Alben kopieren oder verschieben keine Dateien. Ein Foto kann mehreren Alben zugeordnet sein.|Los álbumes no copian ni mueven archivos. Una foto puede estar en varios álbumes.|Os álbuns não copiam nem movem ficheiros. Uma fotografia pode estar em vários álbuns.|Альбомы не копируют и не перемещают файлы. Фото может находиться в нескольких альбомах.
相册名称|Album name|アルバム名|앨범 이름|Nom de l’album|Albumname|Nombre del álbum|Nome do álbum|Название альбома
例如：旅行的片刻|e.g. Travel moments|例：旅のひととき|예: 여행의 순간|Ex. : Instants de voyage|z. B. Reisemomente|P. ej., Momentos de viaje|Ex.: Momentos de viagem|Например: Мгновения путешествия
取消|Cancel|キャンセル|취소|Annuler|Abbrechen|Cancelar|Cancelar|Отмена
保存相册|Save album|アルバムを保存|앨범 저장|Enregistrer l’album|Album speichern|Guardar álbum|Guardar álbum|Сохранить альбом
整理，而不搬动|Organize without moving files|移動せずに整理|옮기지 않고 정리하기|Organiser sans déplacer|Ordnen, ohne zu verschieben|Organiza sin mover archivos|Organize sem mover ficheiros|Порядок без перемещения файлов
新建相册并加入|Create album and add|新規アルバムに追加|새 앨범에 추가|Créer un album et ajouter|Album erstellen und hinzufügen|Crear álbum y añadir|Criar álbum e adicionar|Создать альбом и добавить
删除这个虚拟相册|Delete this virtual album|この仮想アルバムを削除|이 가상 앨범 삭제|Supprimer cet album virtuel|Dieses virtuelle Album löschen|Eliminar este álbum virtual|Eliminar este álbum virtual|Удалить этот виртуальный альбом
删除相册只移除分组记录，原照片和其他相册都保留。|Deleting an album removes only its grouping. Photos and other albums are kept.|アルバムの所属情報だけが削除されます。元の写真や他のアルバムは残ります。|앨범 분류 정보만 삭제됩니다. 원본 사진과 다른 앨범은 유지돼요.|Seul le regroupement est supprimé. Les originaux et les autres albums sont conservés.|Nur die Zuordnung wird entfernt. Fotos und andere Alben bleiben erhalten.|Solo se elimina la agrupación. Las fotos y otros álbumes se conservan.|Apenas o agrupamento é eliminado. As fotografias e outros álbuns são mantidos.|Удаляется только группировка. Фотографии и другие альбомы сохраняются.
删除相册？|Delete album?|アルバムを削除しますか？|앨범을 삭제할까요?|Supprimer l’album ?|Album löschen?|¿Eliminar álbum?|Eliminar álbum?|Удалить альбом?
只删除这个虚拟相册及它的分组记录，不删除任何照片文件。|Only this virtual album and its memberships will be deleted. No photo files will be deleted.|この仮想アルバムと所属情報のみ削除します。写真ファイルは削除しません。|가상 앨범과 분류 정보만 삭제하며 사진 파일은 삭제하지 않습니다.|Seuls l’album virtuel et ses associations seront supprimés, pas les fichiers photo.|Nur das virtuelle Album und seine Zuordnungen werden gelöscht, keine Fotodateien.|Solo se eliminarán este álbum virtual y sus asociaciones, no los archivos de fotos.|Apenas este álbum virtual e as associações serão eliminados, não os ficheiros de fotografias.|Будут удалены только виртуальный альбом и его связи. Файлы фотографий сохранятся.
删除相册|Delete album|アルバムを削除|앨범 삭제|Supprimer l’album|Album löschen|Eliminar álbum|Eliminar álbum|Удалить альбом
收藏|Favorite|お気に入り|즐겨찾기|Favori|Favorit|Favorito|Favorito|В избранное
分享|Share|共有|공유|Partager|Teilen|Compartir|Partilhar|Поделиться
删除|Delete|削除|삭제|Supprimer|Löschen|Eliminar|Eliminar|Удалить
放大 / 适合窗口|Zoom / Fit to window|拡大 / ウィンドウに合わせる|확대 / 창에 맞춤|Zoom / Ajuster|Zoomen / Einpassen|Ampliar / Ajustar|Ampliar / Ajustar|Масштаб / По размеру окна
放大照片|Zoom photo|写真を拡大|사진 확대|Agrandir la photo|Foto vergrößern|Ampliar foto|Ampliar fotografia|Увеличить фото
关闭照片|Close photo|写真を閉じる|사진 닫기|Fermer la photo|Foto schließen|Cerrar foto|Fechar fotografia|Закрыть фото
大图照片多选|Photo selection in viewer|写真ビューアーでの複数選択|사진 보기에서 다중 선택|Sélection dans la visionneuse|Fotoauswahl im Betrachter|Selección en el visor|Seleção no visualizador|Выбор фото в просмотрщике
清空选择|Clear selection|選択をクリア|선택 지우기|Effacer la sélection|Auswahl leeren|Limpiar selección|Limpar seleção|Очистить выбор
上一张|Previous photo|前の写真|이전 사진|Photo précédente|Vorheriges Foto|Foto anterior|Fotografia anterior|Предыдущее фото
下一张|Next photo|次の写真|다음 사진|Photo suivante|Nächstes Foto|Foto siguiente|Fotografia seguinte|Следующее фото
这张照片暂时无法预览。|This photo cannot be previewed right now.|この写真は現在プレビューできません。|이 사진은 현재 미리 볼 수 없어요.|Cette photo ne peut pas être prévisualisée.|Dieses Foto kann derzeit nicht angezeigt werden.|No se puede previsualizar esta foto ahora.|Não é possível pré-visualizar esta fotografia agora.|Сейчас эту фотографию нельзя просмотреть.
原文件仍在，你可以在文件夹中查看。|The original file is still available in its folder.|元のファイルはフォルダーから確認できます。|원본 파일은 폴더에서 확인할 수 있어요.|Le fichier original est toujours dans son dossier.|Die Originaldatei befindet sich weiterhin im Ordner.|El archivo original sigue disponible en su carpeta.|O ficheiro original continua disponível na pasta.|Оригинальный файл доступен в своей папке.
图片清晰度|Image quality|画質|화질|Qualité d’image|Bildqualität|Calidad de imagen|Qualidade da imagem|Качество изображения
原图细节|Original detail|元画像の詳細|원본 상세|Détails de l’original|Originaldetails|Detalle original|Detalhe original|Детали оригинала
加载完整分辨率，按 1 个图像像素对应 1 个屏幕像素显示|Load full resolution at one image pixel per screen pixel|フル解像度を画像 1 ピクセル＝画面 1 ピクセルで表示|전체 해상도를 이미지 1픽셀당 화면 1픽셀로 표시|Afficher en pleine résolution, un pixel image par pixel écran|Volle Auflösung: ein Bildpixel pro Bildschirmpixel|Resolución completa: un píxel de imagen por píxel de pantalla|Resolução total: um píxel da imagem por píxel do ecrã|Полное разрешение: один пиксель изображения на пиксель экрана
照片浏览进度|Photo browsing position|写真の閲覧位置|사진 탐색 위치|Position de navigation|Position beim Durchsehen|Posición de navegación|Posição de navegação|Позиция просмотра
上一组缩略图|Previous thumbnails|前のサムネイル|이전 미리보기|Miniatures précédentes|Vorherige Miniaturen|Miniaturas anteriores|Miniaturas anteriores|Предыдущие миниатюры
下一组缩略图|Next thumbnails|次のサムネイル|다음 미리보기|Miniatures suivantes|Nächste Miniaturen|Miniaturas siguientes|Miniaturas seguintes|Следующие миниатюры
附近照片缩略图|Nearby photo thumbnails|付近の写真のサムネイル|주변 사진 미리보기|Miniatures des photos voisines|Miniaturen benachbarter Fotos|Miniaturas de fotos cercanas|Miniaturas de fotografias próximas|Миниатюры соседних фотографий
让当前大图对应的缩略图回到正中央|Center the current photo in the thumbnail strip|表示中の写真をサムネイル列の中央に戻す|현재 사진의 미리보기를 가운데로 이동|Centrer la photo actuelle dans les miniatures|Aktuelles Foto in der Miniaturleiste zentrieren|Centrar la foto actual en las miniaturas|Centrar a fotografia atual nas miniaturas|Поставить текущее фото в центр ленты миниатюр
回到当前照片|Back to current photo|現在の写真に戻る|현재 사진으로 돌아가기|Revenir à la photo actuelle|Zum aktuellen Foto|Volver a foto actual|Voltar à fotografia atual|К текущему фото
全图库照片浏览进度|Position in the entire library|ライブラリ全体の閲覧位置|전체 라이브러리 탐색 위치|Position dans toute la photothèque|Position in der gesamten Mediathek|Posición en toda la fototeca|Posição em toda a fototeca|Позиция во всей фототеке
照片日期坐标|Photo date markers|写真の日付目盛り|사진 날짜 눈금|Repères de date des photos|Datumsmarkierungen der Fotos|Marcas de fecha de fotos|Marcas de data das fotografias|Отметки дат фотографий
照片信息|Photo information|写真情報|사진 정보|Informations photo|Fotoinformationen|Información de la foto|Informações da fotografia|Информация о фото
颜色直方图|Color histogram|カラーヒストグラム|색상 히스토그램|Histogramme des couleurs|Farbhistogramm|Histograma de color|Histograma de cor|Цветовая гистограмма
对数|Logarithmic|対数|로그|Logarithmique|Logarithmisch|Logarítmico|Logarítmico|Логарифмическая
当前照片预览的 RGB 和亮度直方图|RGB and luminance histogram of the current preview|現在のプレビューの RGB と輝度ヒストグラム|현재 미리보기의 RGB 및 밝기 히스토그램|Histogramme RGB et luminance de l’aperçu|RGB- und Helligkeitshistogramm der Vorschau|Histograma RGB y luminancia de la vista previa|Histograma RGB e luminância da pré-visualização|Гистограмма RGB и яркости текущего предпросмотра
暗部 · 0|Shadows · 0|暗部 · 0|어두운 부분 · 0|Ombres · 0|Tiefen · 0|Sombras · 0|Sombras · 0|Тени · 0
中间调|Midtones|中間調|중간톤|Tons moyens|Mitteltöne|Tonos medios|Tons médios|Средние тона
255 · 高光|255 · Highlights|255 · ハイライト|255 · 밝은 부분|255 · Hautes lumières|255 · Lichter|255 · Luces|255 · Realces|255 · Света
亮度|Luminance|輝度|밝기|Luminance|Helligkeit|Luminancia|Luminância|Яркость
拍摄参数|Camera settings|撮影情報|촬영 정보|Paramètres de prise de vue|Aufnahmedaten|Datos de captura|Dados de captura|Параметры съёмки
文件信息|File information|ファイル情報|파일 정보|Informations du fichier|Dateiinformationen|Información del archivo|Informações do ficheiro|Информация о файле
在文件夹中显示|Show in folder|フォルダーで表示|폴더에서 보기|Afficher dans le dossier|Im Ordner anzeigen|Mostrar en carpeta|Mostrar na pasta|Показать в папке
复制原文件到文件夹…|Copy originals to folder…|元のファイルをフォルダーにコピー…|원본 파일을 폴더에 복사…|Copier les originaux vers un dossier…|Originale in Ordner kopieren…|Copiar originales a carpeta…|Copiar originais para uma pasta…|Копировать оригиналы в папку…
保留完整原文件，适合备份或批量复制。|Keep complete original files, for backup or batch copying.|元のファイルをそのまま保存します。バックアップや一括コピーに適しています。|백업이나 일괄 복사용으로 원본 파일 전체를 유지합니다.|Conservez les fichiers complets, pour sauvegarde ou copie groupée.|Vollständige Originaldateien für Sicherung oder Stapelkopie behalten.|Conserva los archivos completos para copias de seguridad o por lotes.|Mantenha os ficheiros completos para cópias de segurança ou em lote.|Сохраняются полные оригиналы для резервного или пакетного копирования.
浏览本机所有照片|Browse photos on this computer|このパソコンの写真をすべて表示|이 컴퓨터의 모든 사진 탐색|Parcourir les photos de cet ordinateur|Fotos auf diesem Computer ansehen|Explorar fotos de este equipo|Explorar fotografias deste computador|Просматривать фото на этом компьютере
开启后选择磁盘，关闭后选择一个照片文件夹|On: choose drives. Off: choose one photo folder.|オン：ディスクを選択。オフ：写真フォルダーをひとつ選択。|켜짐: 드라이브 선택. 꺼짐: 사진 폴더 하나 선택.|Activé : choisir des disques. Désactivé : un dossier photo.|Ein: Laufwerke wählen. Aus: einen Fotoordner wählen.|Activado: elige discos. Desactivado: una carpeta de fotos.|Ativado: escolha discos. Desativado: uma pasta de fotografias.|Включено: выберите диски. Выключено: одну папку фотографий.
照片文件夹|Photo folder|写真フォルダー|사진 폴더|Dossier photo|Fotoordner|Carpeta de fotos|Pasta de fotografias|Папка фотографий
浏览照片文件夹…|Browse photo folders…|写真フォルダーを参照…|사진 폴더 찾아보기…|Parcourir les dossiers photo…|Fotoordner durchsuchen…|Explorar carpetas de fotos…|Explorar pastas de fotografias…|Обзор папок фотографий…
选择要扫描的磁盘|Choose drives to scan|スキャンするディスクを選択|검색할 드라이브 선택|Choisir les disques à analyser|Laufwerke zum Einlesen wählen|Elegir discos para analizar|Escolher discos para analisar|Выберите диски для сканирования
选中建议磁盘|Select suggested drives|推奨ディスクを選択|권장 드라이브 선택|Sélectionner les disques suggérés|Empfohlene Laufwerke wählen|Elegir discos sugeridos|Escolher discos sugeridos|Выбрать рекомендуемые диски
文件夹路径|Folder path|フォルダーパス|폴더 경로|Chemin du dossier|Ordnerpfad|Ruta de carpeta|Caminho da pasta|Путь к папке
前往|Go|移動|이동|Aller|Öffnen|Ir|Ir|Перейти
↑ 上一级|↑ Parent folder|↑ 上の階層|↑ 상위 폴더|↑ Dossier parent|↑ Übergeordneter Ordner|↑ Carpeta superior|↑ Pasta superior|↑ На уровень выше
子文件夹列表|Subfolders|サブフォルダー一覧|하위 폴더 목록|Sous-dossiers|Unterordner|Subcarpetas|Subpastas|Вложенные папки
使用此文件夹|Use this folder|このフォルダーを使用|이 폴더 사용|Utiliser ce dossier|Diesen Ordner verwenden|Usar esta carpeta|Utilizar esta pasta|Использовать эту папку
保存到|Save to|保存先|저장 위치|Enregistrer dans|Speichern unter|Guardar en|Guardar em|Сохранить в
浏览文件夹…|Browse folders…|フォルダーを参照…|폴더 찾아보기…|Parcourir les dossiers…|Ordner durchsuchen…|Explorar carpetas…|Explorar pastas…|Обзор папок…
正在处理照片|Processing photos|写真を処理中|사진 처리 중|Traitement des photos|Fotos werden verarbeitet|Procesando fotos|A processar fotografias|Обработка фотографий
打开所在文件夹|Open containing folder|保存先フォルダーを開く|포함된 폴더 열기|Ouvrir le dossier contenant|Enthaltenden Ordner öffnen|Abrir carpeta contenedora|Abrir pasta de localização|Открыть папку с файлом
本机图库连接已断开。请关闭旧窗口，重新双击桌面的“拾光图库”。不需要连接互联网。|The local connection was lost. Close this window and reopen the app from your desktop. Internet is not required.|ローカル接続が切れました。このウィンドウを閉じ、デスクトップからアプリを開き直してください。インターネットは不要です。|로컬 연결이 끊겼어요. 창을 닫고 바탕 화면에서 앱을 다시 여세요. 인터넷은 필요하지 않습니다.|La connexion locale est interrompue. Fermez cette fenêtre et rouvrez l’application depuis le bureau. Internet n’est pas nécessaire.|Die lokale Verbindung wurde getrennt. Schließe dieses Fenster und öffne die App vom Desktop erneut. Internet ist nicht erforderlich.|Se perdió la conexión local. Cierra esta ventana y abre la aplicación desde el escritorio. No necesitas internet.|A ligação local foi interrompida. Feche esta janela e reabra a aplicação pelo ambiente de trabalho. Não é necessária internet.|Локальное соединение потеряно. Закройте окно и снова откройте приложение с рабочего стола. Интернет не нужен.
照片来源已改变，正在刷新窗口。|Photo sources changed. Refreshing the window.|写真の場所が変更されました。画面を更新します。|사진 소스가 바뀌어 창을 새로고침합니다.|Les sources ont changé. Actualisation de la fenêtre.|Fotoquellen geändert. Das Fenster wird aktualisiert.|Cambió el origen de fotos. Actualizando la ventana.|A origem das fotografias mudou. A atualizar a janela.|Источники фотографий изменились. Обновление окна.
操作失败|Operation failed|操作に失敗しました|작업 실패|L’opération a échoué|Vorgang fehlgeschlagen|La operación falló|A operação falhou|Операция не выполнена
正在整理照片索引 · 已读取 {0} 张，原照片保留在原处|Indexing · {0} photos read; originals stay in place|インデックス作成中 · {0} 枚読み込み済み。元の写真は移動しません|색인 생성 중 · {0}장 읽음. 원본은 제자리에 유지됩니다|Indexation · {0} photos lues ; les originaux restent en place|Indexierung · {0} Fotos gelesen; Originale bleiben am Ort|Indexando · {0} fotos leídas; los originales no se mueven|A indexar · {0} fotografias lidas; os originais não se movem|Индексация · Прочитано: {0}; оригиналы остаются на месте
照片列表已变化，请关闭大图后重新打开|The photo list changed. Close and reopen the viewer.|写真一覧が変わりました。ビューアーを閉じて開き直してください。|사진 목록이 바뀌었어요. 사진 보기를 닫았다 다시 여세요.|La liste a changé. Fermez et rouvrez la visionneuse.|Die Fotoliste hat sich geändert. Schließe den Betrachter und öffne ihn erneut.|La lista cambió. Cierra y vuelve a abrir el visor.|A lista mudou. Feche e volte a abrir o visualizador.|Список изменился. Закройте и снова откройте просмотрщик.
复制后，在聊天输入框按 Ctrl+V 粘贴。RAW 复制浏览预览；动图复制首帧。|Paste into a chat with Ctrl+V. RAW copies its preview; animations copy the first frame.|チャット欄で Ctrl+V を押して貼り付けます。RAW はプレビュー、動画形式の画像は最初のフレームをコピーします。|채팅 입력란에 Ctrl+V로 붙여넣으세요. RAW는 미리보기, 움직이는 이미지는 첫 프레임을 복사합니다.|Collez dans une discussion avec Ctrl+V. Pour RAW, l’aperçu est copié ; pour une animation, la première image.|Mit Strg+V im Chat einfügen. Bei RAW wird die Vorschau kopiert, bei Animationen das erste Bild.|Pega en un chat con Ctrl+V. RAW copia la vista previa; las animaciones, el primer fotograma.|Cole numa conversa com Ctrl+V. RAW copia a pré-visualização; animações copiam o primeiro fotograma.|Вставьте в чат через Ctrl+V. Для RAW копируется предпросмотр, для анимации — первый кадр.
图片剪贴板一次复制一张。请只选一张，或使用下面的批量文件复制。|The clipboard accepts one image at a time. Select one, or use batch file copying below.|クリップボードには一度に 1 枚コピーできます。1 枚選ぶか、下の一括ファイルコピーを使用してください。|클립보드에는 한 번에 한 장만 복사할 수 있어요. 한 장을 선택하거나 아래의 일괄 파일 복사를 사용하세요.|Le presse-papiers accepte une image à la fois. Sélectionnez-en une, ou utilisez la copie groupée ci-dessous.|Die Zwischenablage nimmt jeweils ein Bild auf. Wähle eines oder nutze unten die Stapelkopie.|El portapapeles admite una imagen cada vez. Elige una o usa la copia por lotes de abajo.|A área de transferência aceita uma imagem de cada vez. Escolha uma ou use a cópia em lote abaixo.|В буфер можно копировать по одному изображению. Выберите одно или воспользуйтесь пакетным копированием ниже.
这会把当前照片来源中选中的原文件放入 Windows 回收站，并从全部照片及所有相册中隐藏。可在回收站还原后刷新图库。若只想取消分组，请返回选择“从此相册移除”。|Selected original files will move to the Windows Recycle Bin and disappear from all views and albums. Restore them from the Recycle Bin, then refresh to bring them back. To remove only album membership, choose Remove from this album instead.|選択した元のファイルを Windows のごみ箱に移動し、すべての写真とアルバムから非表示にします。ごみ箱から復元してライブラリを更新すると戻ります。所属だけを解除する場合は「このアルバムから削除」を選んでください。|선택한 원본을 Windows 휴지통으로 옮기고 모든 사진과 앨범에서 숨깁니다. 휴지통에서 복원한 후 새로고침하면 다시 표시됩니다. 앨범 분류만 해제하려면 ‘이 앨범에서 제거’를 선택하세요.|Les originaux sélectionnés iront dans la Corbeille Windows et disparaîtront de toutes les vues et albums. Restaurez-les puis actualisez pour les retrouver. Pour retirer seulement l’association, choisissez Retirer de cet album.|Ausgewählte Originale werden in den Windows-Papierkorb verschoben und in allen Ansichten und Alben ausgeblendet. Nach dem Wiederherstellen die Mediathek aktualisieren. Um nur die Albumzuordnung zu entfernen, wähle Aus diesem Album entfernen.|Los originales seleccionados irán a la Papelera de Windows y desaparecerán de las vistas y álbumes. Restáuralos y actualiza para recuperarlos. Si solo quieres quitar la asociación, elige Quitar de este álbum.|Os originais selecionados vão para a Reciclagem do Windows e desaparecem das vistas e álbuns. Restaure-os e atualize para os recuperar. Para retirar apenas a associação, escolha Remover deste álbum.|Выбранные оригиналы будут перемещены в корзину Windows и скрыты из всех списков и альбомов. Восстановите их из корзины и обновите фототеку. Чтобы убрать только связь с альбомом, выберите «Убрать из этого альбома».
复制完整原文件，保留文件名和时间。同名文件自动加序号，不覆盖已有文件。|Copy complete originals, preserving names and timestamps. Duplicate names get a number; existing files are never overwritten.|名前と日時を保って元ファイルをコピーします。同名ファイルには番号を付け、上書きしません。|이름과 시간을 유지하며 원본 전체를 복사합니다. 같은 이름에는 번호를 붙이며 기존 파일을 덮어쓰지 않아요.|Copiez les originaux complets en conservant noms et dates. Les doublons sont numérotés, sans écraser les fichiers.|Vollständige Originale mit Namen und Zeitstempeln kopieren. Gleiche Namen erhalten eine Nummer; nichts wird überschrieben.|Copia los originales con sus nombres y fechas. Los nombres repetidos reciben un número; no se sobrescriben archivos.|Copie os originais com nomes e datas. Nomes repetidos recebem um número; os ficheiros existentes não são substituídos.|Копируются полные оригиналы с именами и датами. Совпадающим именам добавляется номер; файлы не перезаписываются.
将完整原文件打包为 ZIP，包含原有照片信息和 RAW。仅保存到本机，生成后由你发送给他人。|Package complete originals, including metadata and RAW files, into a local ZIP. You decide who to send it to.|撮影情報や RAW を含む元ファイルを ZIP にまとめて、このパソコンに保存します。送信は作成後にご自身で行います。|메타데이터와 RAW를 포함한 원본을 로컬 ZIP으로 묶습니다. 생성 후 직접 원하는 사람에게 보내세요.|Regroupez les originaux, métadonnées et RAW dans un ZIP local. Vous choisissez ensuite à qui l’envoyer.|Originale einschließlich Metadaten und RAW in ein lokales ZIP packen. Du entscheidest, an wen du es sendest.|Agrupa los originales, metadatos y RAW en un ZIP local. Después decides a quién enviarlo.|Agrupe os originais, metadados e RAW num ZIP local. Depois decide a quem o enviar.|Оригиналы, включая метаданные и RAW, упаковываются в локальный ZIP. Вы сами решаете, кому его отправить.
复制图片到剪贴板 / 复制到文件夹；Ctrl+C 直接复制图片|Copy image to clipboard / folder; Ctrl+C copies the image directly|クリップボード／フォルダーにコピー。Ctrl+C で画像を直接コピー|클립보드/폴더에 복사. Ctrl+C로 이미지 바로 복사|Copier vers le presse-papiers ou un dossier ; Ctrl+C copie l’image|Bild in Zwischenablage oder Ordner kopieren; Strg+C kopiert direkt|Copiar al portapapeles o carpeta; Ctrl+C copia la imagen|Copiar para área de transferência ou pasta; Ctrl+C copia a imagem|Копировать в буфер или папку; Ctrl+C копирует изображение
另一个窗口开始了新操作，请检查目标文件夹。|Another window started a new operation. Check the destination folder.|別のウィンドウで新しい処理が始まりました。保存先を確認してください。|다른 창에서 새 작업을 시작했어요. 대상 폴더를 확인하세요.|Une autre fenêtre a lancé une opération. Vérifiez le dossier de destination.|Ein anderes Fenster hat einen Vorgang gestartet. Prüfe den Zielordner.|Otra ventana inició una operación. Revisa la carpeta de destino.|Outra janela iniciou uma operação. Verifique a pasta de destino.|В другом окне началась новая операция. Проверьте папку назначения.
更新说明已关闭，但未能保存已读状态，下次打开可能再次提示。|Notes closed, but the read status could not be saved. They may appear next time.|更新情報を閉じましたが、既読状態を保存できませんでした。次回も表示される場合があります。|안내를 닫았지만 읽음 상태를 저장하지 못했어요. 다음에 다시 표시될 수 있습니다.|Notes fermées, mais l’état de lecture n’a pas été enregistré. Elles peuvent réapparaître.|Hinweise geschlossen, Lesestatus nicht gespeichert. Sie können erneut erscheinen.|Notas cerradas, pero no se guardó la lectura. Podrían aparecer de nuevo.|Notas fechadas, mas a leitura não foi guardada. Podem voltar a aparecer.|Список закрыт, но отметка о прочтении не сохранена. Он может появиться снова.
暂时无法读取更新说明|Release notes unavailable|更新情報を読み込めません|업데이트 안내를 읽을 수 없어요|Nouveautés indisponibles|Versionshinweise nicht verfügbar|Novedades no disponibles|Novidades indisponíveis|Список изменений недоступен
不支持此界面语言|Unsupported display language|この表示言語は未対応です|지원하지 않는 표시 언어입니다|Langue d’affichage non prise en charge|Anzeigesprache nicht unterstützt|Idioma no compatible|Idioma não suportado|Язык интерфейса не поддерживается
无法保存语言设置，请重试。|Could not save the language. Please try again.|言語設定を保存できませんでした。再試行してください。|언어 설정을 저장하지 못했어요. 다시 시도하세요.|Impossible d’enregistrer la langue. Réessayez.|Sprache konnte nicht gespeichert werden. Bitte erneut versuchen.|No se pudo guardar el idioma. Inténtalo de nuevo.|Não foi possível guardar o idioma. Tente novamente.|Не удалось сохранить язык. Повторите попытку.
快速预览便于翻图；点击“原图细节”从 RAW 原始数据完整解码，或读取普通图片原文件。RAW 显示为全分辨率 RGB 画面，不包含 Lightroom 调整，颜色可能与相机或 Lightroom 不同。|Quick preview is for browsing. Original detail fully decodes RAW or loads the original image. RAW displays as full-resolution RGB without Lightroom edits; colors may differ from your camera or Lightroom.|高速プレビューは閲覧用です。「元画像の詳細」で RAW を完全にデコード、または通常画像の元ファイルを読み込みます。RAW は Lightroom の編集を含まないフル解像度 RGB 表示で、色がカメラや Lightroom と異なる場合があります。|빠른 미리보기는 탐색용입니다. 원본 상세는 RAW를 완전히 디코딩하거나 일반 이미지 원본을 읽습니다. RAW는 Lightroom 보정 없는 전체 해상도 RGB로 표시되며 카메라나 Lightroom과 색이 다를 수 있어요.|L’aperçu rapide facilite la navigation. Détails de l’original décode entièrement le RAW ou charge l’image originale. Le RAW s’affiche en RGB pleine résolution, sans retouches Lightroom ; les couleurs peuvent différer.|Die Schnellvorschau dient zum Durchsehen. Originaldetails dekodiert RAW vollständig oder lädt die Originaldatei. RAW wird als RGB in voller Auflösung ohne Lightroom-Bearbeitung angezeigt; Farben können abweichen.|La vista rápida facilita la navegación. Detalle original decodifica RAW completo o carga la imagen original. RAW se muestra en RGB a resolución completa, sin ajustes de Lightroom; los colores pueden variar.|A pré-visualização facilita a navegação. Detalhe original descodifica todo o RAW ou carrega a imagem original. RAW é mostrado em RGB de resolução total, sem ajustes do Lightroom; as cores podem variar.|Быстрый просмотр удобен для листания. Детали оригинала полностью декодируют RAW или загружают исходное изображение. RAW отображается в RGB полного разрешения без правок Lightroom; цвета могут отличаться.
选择要浏览的照片位置。原照片保持原位，每种来源分别保存相册和收藏。|Choose where to browse photos. Originals stay in place; each source has its own albums and favorites.|写真の場所を選んでください。元の写真は移動せず、場所ごとにアルバムとお気に入りを保存します。|탐색할 사진 위치를 선택하세요. 원본은 그대로 두며 소스마다 앨범과 즐겨찾기를 따로 저장합니다.|Choisissez l’emplacement des photos. Les originaux restent en place ; chaque source conserve ses albums et favoris.|Wähle den Fotoort. Originale bleiben unverändert; jede Quelle speichert eigene Alben und Favoriten.|Elige la ubicación de las fotos. Los originales no se mueven; cada origen guarda sus álbumes y favoritos.|Escolha a localização das fotografias. Os originais não se movem; cada origem guarda álbuns e favoritos próprios.|Выберите расположение фотографий. Оригиналы остаются на месте; у каждого источника свои альбомы и избранное.
每次开启或关闭后，都需重新选择浏览范围；点击“应用并浏览”后生效。|After switching this option, choose locations again. Changes take effect when you apply them.|オン・オフを切り替えたら場所を選び直してください。「適用して表示」で反映されます。|옵션을 켜거나 끈 후 위치를 다시 선택하세요. 적용하고 보기를 눌러야 반영됩니다.|Après chaque changement, choisissez à nouveau les emplacements, puis appliquez.|Nach dem Umschalten die Orte erneut wählen. Änderungen werden erst beim Anwenden wirksam.|Tras cambiar esta opción, vuelve a elegir ubicaciones. Los cambios se activan al aplicarlos.|Depois de mudar esta opção, escolha novamente os locais. As alterações entram em vigor ao aplicar.|После переключения выберите расположения заново. Изменения вступят в силу после применения.
只扫描勾选的本机固定磁盘，跳过系统、程序、缓存、回收站及 Lightroom 预览目录。首次扫描可能较久，可以边扫描边浏览。G 盘默认不选。|Only selected local fixed drives are scanned. System, application, cache, Recycle Bin and Lightroom preview folders are skipped. The first scan may take time; you can browse meanwhile. Drive G is not selected by default.|選択したローカル固定ディスクだけをスキャンします。システム、アプリ、キャッシュ、ごみ箱、Lightroom プレビューは除外します。初回は時間がかかる場合がありますが、閲覧は可能です。G ドライブは初期状態では選択しません。|선택한 로컬 고정 드라이브만 검색합니다. 시스템, 프로그램, 캐시, 휴지통, Lightroom 미리보기 폴더는 건너뜁니다. 첫 검색에는 시간이 걸릴 수 있지만 탐색은 가능합니다. G 드라이브는 기본 선택하지 않아요.|Seuls les disques locaux fixes cochés sont analysés. Les dossiers système, applications, cache, Corbeille et aperçus Lightroom sont ignorés. La première analyse peut être longue ; vous pouvez naviguer en attendant. G n’est pas coché par défaut.|Nur ausgewählte lokale Festplatten werden eingelesen. System-, Programm-, Cache-, Papierkorb- und Lightroom-Vorschauordner werden übersprungen. Der erste Scan kann dauern; du kannst dabei Fotos ansehen. G ist standardmäßig nicht ausgewählt.|Solo se analizan discos fijos locales marcados. Se omiten carpetas del sistema, programas, caché, Papelera y vistas de Lightroom. El primer análisis puede tardar; puedes explorar mientras tanto. G no se selecciona por defecto.|Só são analisados discos fixos locais selecionados. Ignoram-se sistema, programas, cache, Reciclagem e pré-visualizações Lightroom. A primeira análise pode demorar; pode explorar entretanto. G não é selecionado por predefinição.|Сканируются только выбранные локальные фиксированные диски. Пропускаются системные папки, программы, кэш, корзина и предпросмотры Lightroom. Первое сканирование может занять время; просмотр уже доступен. Диск G по умолчанию не выбран.
打开目标文件夹后，点击“使用此文件夹”。|Open the destination, then click Use this folder.|保存先を開き、「このフォルダーを使用」を押してください。|대상 폴더를 연 뒤 이 폴더 사용을 누르세요.|Ouvrez la destination, puis cliquez sur Utiliser ce dossier.|Öffne den Zielordner und wähle Diesen Ordner verwenden.|Abre el destino y pulsa Usar esta carpeta.|Abra o destino e clique em Utilizar esta pasta.|Откройте нужную папку и нажмите «Использовать эту папку».
照片不在当前图库中|Photo is not in the current library|写真は現在のライブラリにありません|현재 라이브러리에 없는 사진입니다|Photo absente de cette photothèque|Foto nicht in der aktuellen Mediathek|La foto no está en esta fototeca|A fotografia não está nesta fototeca|Фотография отсутствует в текущей фототеке
原照片位置已变化，请刷新图库|The original moved. Refresh the library.|元の写真の場所が変わりました。ライブラリを更新してください。|원본 위치가 바뀌었어요. 라이브러리를 새로고침하세요.|L’original a été déplacé. Actualisez la photothèque.|Das Original wurde verschoben. Aktualisiere die Mediathek.|El original cambió de ubicación. Actualiza la fototeca.|O original mudou de localização. Atualize a fototeca.|Оригинал перемещён. Обновите фототеку.
文件夹浏览已升级，请关闭旧窗口，重新打开桌面的拾光图库。|The folder browser was updated. Close this window and reopen the app.|フォルダー参照が更新されました。ウィンドウを閉じてアプリを開き直してください。|폴더 탐색이 업데이트됐어요. 창을 닫고 앱을 다시 여세요.|Le sélecteur a été mis à jour. Fermez cette fenêtre et rouvrez l’application.|Die Ordnerauswahl wurde aktualisiert. Schließe das Fenster und öffne die App erneut.|Se actualizó el explorador de carpetas. Cierra la ventana y abre la aplicación.|O explorador de pastas foi atualizado. Feche a janela e reabra a aplicação.|Выбор папок обновлён. Закройте окно и снова откройте приложение.
一次最多选择 10000 张照片|Select up to 10,000 photos at once|一度に選べるのは 10,000 枚までです|한 번에 최대 10,000장을 선택할 수 있어요|Sélectionnez au maximum 10 000 photos|Höchstens 10.000 Fotos auf einmal auswählen|Selecciona hasta 10.000 fotos a la vez|Selecione até 10 000 fotografias de cada vez|Можно выбрать до 10 000 фотографий за раз
请求过大|Request is too large|リクエストが大きすぎます|요청이 너무 큽니다|Requête trop volumineuse|Anfrage zu groß|La solicitud es demasiado grande|O pedido é demasiado grande|Слишком большой запрос
无效的本机服务地址|Invalid local service address|ローカルサービスのアドレスが無効です|로컬 서비스 주소가 올바르지 않습니다|Adresse locale non valide|Ungültige lokale Dienstadresse|Dirección local no válida|Endereço local inválido|Недопустимый адрес локальной службы
相册名称需为 1–80 个字符|Album names must contain 1–80 characters|アルバム名は 1～80 文字で入力してください|앨범 이름은 1~80자로 입력하세요|Le nom doit contenir 1 à 80 caractères|Albumname muss 1–80 Zeichen enthalten|El nombre debe tener entre 1 y 80 caracteres|O nome deve ter entre 1 e 80 carateres|Название альбома должно содержать 1–80 символов
已有同名相册|An album with this name already exists|同じ名前のアルバムがあります|같은 이름의 앨범이 있어요|Un album porte déjà ce nom|Ein Album mit diesem Namen existiert bereits|Ya existe un álbum con este nombre|Já existe um álbum com este nome|Альбом с таким названием уже существует
相册不存在|Album not found|アルバムが見つかりません|앨범을 찾을 수 없어요|Album introuvable|Album nicht gefunden|Álbum no encontrado|Álbum não encontrado|Альбом не найден
未知操作|Unknown operation|不明な操作です|알 수 없는 작업입니다|Opération inconnue|Unbekannter Vorgang|Operación desconocida|Operação desconhecida|Неизвестная операция
请输入本机文件夹的完整路径，例如 E:\资料库。|Enter a full local folder path, e.g. E:\Photos.|ローカルフォルダーの完全なパスを入力してください。例：E:\Photos。|로컬 폴더의 전체 경로를 입력하세요. 예: E:\Photos.|Saisissez un chemin local complet, par exemple E:\Photos.|Gib einen vollständigen lokalen Ordnerpfad ein, z. B. E:\Photos.|Escribe una ruta local completa, por ejemplo E:\Photos.|Introduza um caminho local completo, por exemplo E:\Photos.|Введите полный путь к локальной папке, например E:\Photos.
请选择本机固定磁盘上的文件夹。|Choose a folder on a local fixed drive.|ローカル固定ディスク上のフォルダーを選んでください。|로컬 고정 드라이브의 폴더를 선택하세요.|Choisissez un dossier sur un disque local fixe.|Wähle einen Ordner auf einer lokalen Festplatte.|Elige una carpeta de un disco fijo local.|Escolha uma pasta num disco fixo local.|Выберите папку на локальном фиксированном диске.
文件夹不存在，请检查路径。|Folder not found. Check the path.|フォルダーがありません。パスを確認してください。|폴더가 없어요. 경로를 확인하세요.|Dossier introuvable. Vérifiez le chemin.|Ordner nicht gefunden. Prüfe den Pfad.|No existe la carpeta. Revisa la ruta.|A pasta não existe. Verifique o caminho.|Папка не найдена. Проверьте путь.
没有权限读取这个文件夹，请选择其他位置。|Access denied. Choose another folder.|このフォルダーを読む権限がありません。別の場所を選んでください。|이 폴더를 읽을 권한이 없어요. 다른 위치를 선택하세요.|Accès refusé. Choisissez un autre dossier.|Zugriff verweigert. Wähle einen anderen Ordner.|Acceso denegado. Elige otra carpeta.|Acesso negado. Escolha outra pasta.|Нет доступа к папке. Выберите другое расположение.
原路径尚不存在，已显示最近的上级文件夹。|The original path does not exist. Showing its nearest existing parent.|指定パスがないため、最も近い上位フォルダーを表示しています。|원래 경로가 없어 가장 가까운 상위 폴더를 표시합니다.|Le chemin n’existe pas. Affichage du parent existant le plus proche.|Der Pfad existiert nicht. Der nächste vorhandene übergeordnete Ordner wird angezeigt.|La ruta no existe. Se muestra la carpeta superior existente más cercana.|O caminho não existe. É mostrada a pasta superior existente mais próxima.|Исходного пути нет. Показана ближайшая существующая родительская папка.
请重新选择照片文件夹或要浏览的磁盘。|Choose the photo folder or drives again.|写真フォルダーまたはディスクを選び直してください。|사진 폴더나 드라이브를 다시 선택하세요.|Choisissez à nouveau le dossier ou les disques.|Wähle Fotoordner oder Laufwerke erneut.|Vuelve a elegir la carpeta o los discos.|Volte a escolher a pasta ou os discos.|Выберите папку фотографий или диски заново.
文件夹模式请选择一个目录；全盘模式请选择本机磁盘。|Choose one folder in folder mode, or local drives in drive mode.|フォルダーモードでは 1 つのフォルダー、ディスクモードではローカルディスクを選択してください。|폴더 모드에서는 폴더 하나를, 드라이브 모드에서는 로컬 드라이브를 선택하세요.|En mode dossier, choisissez un dossier ; en mode disques, des disques locaux.|Im Ordnermodus einen Ordner wählen, im Laufwerksmodus lokale Laufwerke.|En modo carpeta elige una carpeta; en modo discos, discos locales.|No modo pasta escolha uma pasta; no modo discos, discos locais.|В режиме папки выберите одну папку; в режиме дисков — локальные диски.
照片来源设置损坏，请恢复 source-settings.json 备份。|Photo source settings are damaged. Restore the source-settings.json backup.|写真の場所の設定が破損しています。source-settings.json のバックアップを復元してください。|사진 소스 설정이 손상됐어요. source-settings.json 백업을 복원하세요.|Les réglages des sources sont endommagés. Restaurez la sauvegarde source-settings.json.|Fotoquellen-Einstellungen beschädigt. Stelle die Sicherung von source-settings.json wieder her.|El origen de fotos está dañado. Restaura la copia de source-settings.json.|As definições de origem estão danificadas. Restaure a cópia de source-settings.json.|Настройки источников повреждены. Восстановите резервную копию source-settings.json.
照片路径不能为空。|Photo path cannot be empty.|写真のパスを入力してください。|사진 경로는 비워둘 수 없어요.|Le chemin photo ne peut pas être vide.|Der Fotopfad darf nicht leer sein.|La ruta de fotos no puede estar vacía.|O caminho das fotografias não pode estar vazio.|Путь к фотографиям не может быть пустым.
请选择本机磁盘上的完整路径。|Choose a full path on a local drive.|ローカルディスク上の完全なパスを選んでください。|로컬 드라이브의 전체 경로를 선택하세요.|Choisissez un chemin complet sur un disque local.|Wähle einen vollständigen Pfad auf einem lokalen Laufwerk.|Elige una ruta completa en un disco local.|Escolha um caminho completo num disco local.|Выберите полный путь на локальном диске.
请选择已连接的本机固定磁盘。|Choose a connected local fixed drive.|接続済みのローカル固定ディスクを選んでください。|연결된 로컬 고정 드라이브를 선택하세요.|Choisissez un disque local fixe connecté.|Wähle eine angeschlossene lokale Festplatte.|Elige un disco fijo local conectado.|Escolha um disco fixo local ligado.|Выберите подключённый локальный фиксированный диск.
全盘模式请选择磁盘根目录。|Choose the drive root in whole-drive mode.|ディスク全体モードではルートを選んでください。|전체 드라이브 모드에서는 루트 경로를 선택하세요.|En mode disque entier, choisissez la racine.|Im Laufwerksmodus das Stammverzeichnis wählen.|En modo disco completo, elige su raíz.|No modo disco completo, escolha a raiz.|В режиме всего диска выберите корневой каталог.
请选择图库程序和缓存目录以外的照片位置。|Choose a photo location outside the app and cache folders.|アプリやキャッシュの外にある写真の場所を選んでください。|앱과 캐시 폴더 밖의 사진 위치를 선택하세요.|Choisissez des photos hors des dossiers de l’application et du cache.|Wähle einen Fotoort außerhalb von Programm- und Cacheordnern.|Elige fotos fuera de las carpetas de la aplicación y caché.|Escolha fotografias fora das pastas da aplicação e cache.|Выберите фотографии вне папок программы и кэша.
正在复制、分享或删除照片，请等当前操作结束再切换来源。|Wait for the current copy, share or delete operation before changing sources.|コピー、共有、削除の処理が終わってから写真の場所を変更してください。|복사, 공유, 삭제 작업이 끝난 후 소스를 변경하세요.|Attendez la fin de la copie, du partage ou de la suppression avant de changer de source.|Warte, bis Kopieren, Teilen oder Löschen beendet ist, bevor du die Quelle wechselst.|Espera a que termine la copia, exportación o eliminación antes de cambiar el origen.|Aguarde o fim da cópia, partilha ou eliminação antes de mudar a origem.|Дождитесь завершения копирования, экспорта или удаления перед сменой источника.
正在停止扫描，请稍后再次应用。当前照片来源尚未改变。|Stopping the scan. Apply again shortly. The current source has not changed.|スキャンを停止中です。少し待ってから適用してください。現在の場所は変更されていません。|검색을 중지하고 있어요. 잠시 후 다시 적용하세요. 현재 소스는 바뀌지 않았어요.|Arrêt de l’analyse. Réappliquez dans un instant. La source actuelle n’a pas changé.|Scan wird angehalten. Bitte gleich erneut anwenden. Die Quelle wurde nicht geändert.|Deteniendo el análisis. Aplica de nuevo en un momento. El origen no ha cambiado.|A parar a análise. Volte a aplicar em breve. A origem não mudou.|Сканирование останавливается. Примените ещё раз немного позже. Источник пока не изменён.
正在复制图片，请稍候。|Copying image. Please wait.|画像をコピー中です。お待ちください。|이미지 복사 중입니다. 잠시 기다려주세요.|Copie de l’image. Patientez.|Bild wird kopiert. Bitte warten.|Copiando imagen. Espera.|A copiar imagem. Aguarde.|Изображение копируется. Подождите.
剪贴板正被其他程序占用，请稍后再点一次复制。|Another app is using the clipboard. Try copying again shortly.|他のアプリがクリップボードを使用中です。少し待って再度コピーしてください。|다른 프로그램이 클립보드를 사용 중이에요. 잠시 후 다시 복사하세요.|Une autre application utilise le presse-papiers. Réessayez dans un instant.|Eine andere App nutzt die Zwischenablage. Versuche es gleich erneut.|Otra aplicación usa el portapapeles. Vuelve a copiar en un momento.|Outra aplicação usa a área de transferência. Tente copiar novamente em breve.|Буфер обмена занят другой программой. Попробуйте скопировать чуть позже.
同名文件过多，请选择其他文件夹。|Too many duplicate names. Choose another folder.|同名ファイルが多すぎます。別のフォルダーを選んでください。|같은 이름의 파일이 너무 많아요. 다른 폴더를 선택하세요.|Trop de noms identiques. Choisissez un autre dossier.|Zu viele gleiche Dateinamen. Wähle einen anderen Ordner.|Demasiados nombres iguales. Elige otra carpeta.|Demasiados nomes iguais. Escolha outra pasta.|Слишком много одинаковых имён. Выберите другую папку.
请选择 1–10000 张照片。|Select between 1 and 10,000 photos.|写真を 1～10,000 枚選んでください。|사진을 1~10,000장 선택하세요.|Sélectionnez entre 1 et 10 000 photos.|Wähle 1 bis 10.000 Fotos aus.|Selecciona entre 1 y 10.000 fotos.|Selecione entre 1 e 10 000 fotografias.|Выберите от 1 до 10 000 фотографий.
未知文件操作。|Unknown file operation.|不明なファイル操作です。|알 수 없는 파일 작업입니다.|Opération sur fichier inconnue.|Unbekannter Dateivorgang.|Operación de archivo desconocida.|Operação de ficheiro desconhecida.|Неизвестная операция с файлами.
请先确认把原照片放入回收站。|Confirm moving originals to the Recycle Bin first.|元の写真をごみ箱へ移動することを確認してください。|먼저 원본 사진의 휴지통 이동을 확인하세요.|Confirmez d’abord le déplacement des originaux vers la Corbeille.|Bestätige zuerst das Verschieben der Originale in den Papierkorb.|Confirma primero mover los originales a la Papelera.|Confirme primeiro mover os originais para a Reciclagem.|Сначала подтвердите перемещение оригиналов в корзину.
所选照片位置或内容已变化，请刷新后重新选择。|Selected photos moved or changed. Refresh and select again.|選んだ写真の場所や内容が変わりました。更新して選び直してください。|선택한 사진의 위치나 내용이 바뀌었어요. 새로고침 후 다시 선택하세요.|Les photos sélectionnées ont changé. Actualisez et sélectionnez à nouveau.|Ausgewählte Fotos wurden verschoben oder geändert. Aktualisiere und wähle erneut.|Las fotos seleccionadas cambiaron. Actualiza y selecciónalas de nuevo.|As fotografias selecionadas mudaram. Atualize e volte a selecionar.|Выбранные фотографии перемещены или изменены. Обновите и выберите заново.
没有可打开的导出结果。|No export result to open.|開ける書き出し結果がありません。|열 수 있는 내보내기 결과가 없어요.|Aucun résultat d’export à ouvrir.|Kein Exportergebnis zum Öffnen.|No hay resultado exportado que abrir.|Sem resultado de exportação para abrir.|Нет результата экспорта для открытия.
请选择本机磁盘上的绝对文件夹路径，例如 E:\照片副本。|Choose an absolute local folder path, e.g. E:\PhotoCopies.|ローカルフォルダーの絶対パスを選んでください。例：E:\PhotoCopies。|로컬 폴더의 절대 경로를 선택하세요. 예: E:\PhotoCopies.|Choisissez un chemin local absolu, par exemple E:\PhotoCopies.|Wähle einen absoluten lokalen Ordnerpfad, z. B. E:\PhotoCopies.|Elige una ruta local absoluta, por ejemplo E:\PhotoCopies.|Escolha um caminho local absoluto, por exemplo E:\PhotoCopies.|Выберите абсолютный путь к локальной папке, например E:\PhotoCopies.
目标文件夹不存在，请先创建或用“浏览”选择。|The destination does not exist. Create it or choose one with Browse.|保存先がありません。作成するか「参照」で選んでください。|대상 폴더가 없어요. 먼저 만들거나 찾아보기로 선택하세요.|La destination n’existe pas. Créez-la ou utilisez Parcourir.|Zielordner existiert nicht. Erstelle ihn oder nutze Durchsuchen.|El destino no existe. Créalo o elígelo con Explorar.|O destino não existe. Crie-o ou escolha com Explorar.|Папки назначения нет. Создайте её или выберите через «Обзор».
请选择程序 data 数据目录以外的文件夹。|Choose a folder outside the app’s data directory.|アプリの data フォルダー以外を選んでください。|프로그램 data 폴더 외의 폴더를 선택하세요.|Choisissez un dossier hors du répertoire data de l’application.|Wähle einen Ordner außerhalb des data-Verzeichnisses der App.|Elige una carpeta fuera del directorio data de la aplicación.|Escolha uma pasta fora do diretório data da aplicação.|Выберите папку вне каталога data приложения.
正在扫描或处理照片，请稍后重试。|Photos are being scanned or processed. Try again shortly.|写真をスキャンまたは処理中です。後でもう一度お試しください。|사진 검색 또는 처리 중이에요. 잠시 후 다시 시도하세요.|Analyse ou traitement en cours. Réessayez dans un instant.|Fotos werden eingelesen oder verarbeitet. Versuche es gleich erneut.|Se están analizando o procesando fotos. Inténtalo más tarde.|As fotografias estão a ser analisadas ou processadas. Tente mais tarde.|Идёт сканирование или обработка фотографий. Попробуйте позже.
照片选择已过期，请关闭窗口重新选择。|The selection expired. Close the dialog and select again.|選択の有効期限が切れました。画面を閉じて選び直してください。|사진 선택이 만료됐어요. 대화상자를 닫고 다시 선택하세요.|La sélection a expiré. Fermez la fenêtre et sélectionnez à nouveau.|Auswahl abgelaufen. Schließe den Dialog und wähle erneut.|La selección caducó. Cierra el diálogo y vuelve a elegir.|A seleção expirou. Feche a janela e volte a selecionar.|Срок действия выбора истёк. Закройте окно и выберите заново.
原照片刚刚发生变化，请重新打开。|The original just changed. Reopen it.|元の写真が変更されました。開き直してください。|원본 사진이 변경됐어요. 다시 여세요.|L’original vient de changer. Rouvrez-le.|Das Original wurde gerade geändert. Öffne es erneut.|El original acaba de cambiar. Ábrelo de nuevo.|O original acabou de mudar. Volte a abri-lo.|Оригинал только что изменился. Откройте его заново.
RAW 解码未返回 16 bit 数据|RAW decoder did not return 16-bit data|RAW デコーダーから 16 bit データが返されませんでした|RAW 디코더가 16 bit 데이터를 반환하지 않았어요|Le décodeur RAW n’a pas renvoyé de données 16 bits|RAW-Dekoder lieferte keine 16-Bit-Daten|El decodificador RAW no devolvió datos de 16 bits|O descodificador RAW não devolveu dados de 16 bits|Декодер RAW не вернул 16-битные данные
路径不存在或磁盘未连接：{0}|Path missing or drive disconnected: {0}|パスが存在しないか、ディスクが未接続です：{0}|경로가 없거나 드라이브가 연결되지 않았어요: {0}|Chemin absent ou disque déconnecté : {0}|Pfad fehlt oder Laufwerk nicht verbunden: {0}|Ruta inexistente o disco desconectado: {0}|Caminho inexistente ou disco desligado: {0}|Путь отсутствует или диск отключён: {0}
无法读取此目录：{0}|Cannot read this folder: {0}|このフォルダーを読み込めません：{0}|이 폴더를 읽을 수 없어요: {0}|Impossible de lire ce dossier : {0}|Dieser Ordner kann nicht gelesen werden: {0}|No se puede leer esta carpeta: {0}|Não é possível ler esta pasta: {0}|Не удалось прочитать папку: {0}
部分拍摄参数暂时无法读取。|Some camera details could not be read.|一部の撮影情報を読み込めませんでした。|일부 촬영 정보를 읽지 못했어요.|Certains paramètres n’ont pas pu être lus.|Einige Aufnahmedaten konnten nicht gelesen werden.|No se pudieron leer algunos datos de captura.|Não foi possível ler alguns dados de captura.|Некоторые параметры съёмки недоступны.
相机型号|Camera model|カメラ機種|카메라 모델|Modèle d’appareil|Kameramodell|Modelo de cámara|Modelo da câmara|Модель камеры
镜头|Lens|レンズ|렌즈|Objectif|Objektiv|Objetivo|Objetiva|Объектив
快门速度|Shutter speed|シャッター速度|셔터 속도|Vitesse d’obturation|Verschlusszeit|Velocidad de obturación|Velocidade do obturador|Выдержка
光圈|Aperture|絞り|조리개|Ouverture|Blende|Apertura|Abertura|Диафрагма
感光度|ISO sensitivity|ISO 感度|ISO 감도|Sensibilité ISO|ISO-Empfindlichkeit|Sensibilidad ISO|Sensibilidade ISO|Чувствительность ISO
白平衡|White balance|ホワイトバランス|화이트 밸런스|Balance des blancs|Weißabgleich|Balance de blancos|Equilíbrio de brancos|Баланс белого
焦距|Focal length|焦点距離|초점 거리|Focale|Brennweite|Distancia focal|Distância focal|Фокусное расстояние
原文件色深|Original bit depth|元ファイルのビット深度|원본 비트 심도|Profondeur de l’original|Bittiefe des Originals|Profundidad del original|Profundidade do original|Глубина цвета оригинала
自动|Auto|オート|자동|Automatique|Automatisch|Automático|Automático|Авто
手动|Manual|マニュアル|수동|Manuel|Manuell|Manual|Manual|Вручную
日光|Daylight|昼光|주광|Lumière du jour|Tageslicht|Luz diurna|Luz do dia|Дневной свет
荧光灯|Fluorescent|蛍光灯|형광등|Fluorescent|Leuchtstofflampe|Fluorescente|Fluorescente|Люминесцентный свет
钨丝灯|Tungsten|白熱灯|백열등|Tungstène|Glühlampe|Tungsteno|Tungsténio|Лампа накаливания
闪光灯|Flash|フラッシュ|플래시|Flash|Blitz|Flash|Flash|Вспышка
晴天|Sunny|晴天|맑음|Ensoleillé|Sonnig|Soleado|Sol|Солнечно
阴天|Cloudy|曇天|흐림|Nuageux|Bewölkt|Nublado|Nublado|Облачно
阴影|Shade|日陰|그늘|Ombre|Schatten|Sombra|Sombra|Тень
日光色荧光灯|Daylight fluorescent|昼光色蛍光灯|주광색 형광등|Fluorescent lumière du jour|Tageslicht-Leuchtstofflampe|Fluorescente luz diurna|Fluorescente luz do dia|Люминесцентный дневной свет
日光白荧光灯|Day-white fluorescent|昼白色蛍光灯|주백색 형광등|Fluorescent blanc jour|Tagesweiß-Leuchtstofflampe|Fluorescente blanco diurno|Fluorescente branco diurno|Люминесцентный дневной белый
冷白荧光灯|Cool-white fluorescent|冷白色蛍光灯|냉백색 형광등|Fluorescent blanc froid|Kaltweiß-Leuchtstofflampe|Fluorescente blanco frío|Fluorescente branco frio|Люминесцентный холодный белый
白色荧光灯|White fluorescent|白色蛍光灯|백색 형광등|Fluorescent blanc|Weiß-Leuchtstofflampe|Fluorescente blanco|Fluorescente branco|Люминесцентный белый
标准光源 A|Standard light A|標準光源 A|표준 광원 A|Illuminant standard A|Normlicht A|Iluminante estándar A|Iluminante padrão A|Стандартный источник A
标准光源 B|Standard light B|標準光源 B|표준 광원 B|Illuminant standard B|Normlicht B|Iluminante estándar B|Iluminante padrão B|Стандартный источник B
标准光源 C|Standard light C|標準光源 C|표준 광원 C|Illuminant standard C|Normlicht C|Iluminante estándar C|Iluminante padrão C|Стандартный источник C
RAW 解码器|RAW decoder|RAW デコーダー|RAW 디코더|Décodeur RAW|RAW-Dekoder|Decodificador RAW|Descodificador RAW|Декодер RAW
等效焦距|Equivalent focal length|換算焦点距離|환산 초점 거리|Focale équivalente|Äquivalente Brennweite|Distancia focal equivalente|Distância focal equivalente|Эквивалентное фокусное расстояние
曝光补偿|Exposure compensation|露出補正|노출 보정|Correction d’exposition|Belichtungskorrektur|Compensación de exposición|Compensação de exposição|Коррекция экспозиции
记录光源|Recorded light source|記録された光源|기록된 광원|Source lumineuse enregistrée|Erfasste Lichtquelle|Fuente de luz registrada|Fonte de luz registada|Указанный источник света
记录色温|Recorded color temperature|記録された色温度|기록된 색온도|Température de couleur enregistrée|Erfasste Farbtemperatur|Temperatura de color registrada|Temperatura de cor registada|Указанная цветовая температура
M 手动|M Manual|M マニュアル|M 수동|M Manuel|M Manuell|M Manual|M Manual|M Ручной
P 程序自动|P Program auto|P プログラムオート|P 프로그램 자동|P Programme auto|P Programmautomatik|P Programa automático|P Programa automático|P Программный авто
A / Av 光圈优先|A / Av Aperture priority|A / Av 絞り優先|A / Av 조리개 우선|A / Av Priorité ouverture|A / Av Blendenvorwahl|A / Av Prioridad de apertura|A / Av Prioridade à abertura|A / Av Приоритет диафрагмы
S / Tv 快门优先|S / Tv Shutter priority|S / Tv シャッター優先|S / Tv 셔터 우선|S / Tv Priorité vitesse|S / Tv Zeitvorwahl|S / Tv Prioridad de obturación|S / Tv Prioridade ao obturador|S / Tv Приоритет выдержки
创意程序|Creative program|クリエイティブプログラム|크리에이티브 프로그램|Programme créatif|Kreativprogramm|Programa creativo|Programa criativo|Творческая программа
运动|Sports|スポーツ|스포츠|Sport|Sport|Deportes|Desporto|Спорт
人像|Portrait|ポートレート|인물|Portrait|Porträt|Retrato|Retrato|Портрет
风景|Landscape|風景|풍경|Paysage|Landschaft|Paisaje|Paisagem|Пейзаж
曝光程序|Exposure program|露出プログラム|노출 프로그램|Programme d’exposition|Belichtungsprogramm|Programa de exposición|Programa de exposição|Программа экспозиции
自定义|Custom|カスタム|사용자 지정|Personnalisé|Benutzerdefiniert|Personalizado|Personalizado|Пользовательский
未能可靠读取|Could not reliably determine|正確に取得できませんでした|정확히 읽을 수 없어요|Lecture fiable impossible|Nicht zuverlässig bestimmbar|No se pudo determinar con fiabilidad|Não foi possível determinar com fiabilidade|Не удалось достоверно определить
未使用内嵌预览或解码缓冲区位数推算|Not inferred from embedded previews or decoded buffer depth|埋め込みプレビューやデコードバッファーの深度からは推測していません|내장 미리보기나 디코딩 버퍼 심도로 추정하지 않음|Non déduit des aperçus intégrés ni de la profondeur du tampon|Nicht aus eingebetteter Vorschau oder Pufferbittiefe abgeleitet|No inferida de vistas incrustadas ni del búfer decodificado|Não inferida de pré-visualizações integradas nem do buffer descodificado|Не определяется по встроенному предпросмотру или разрядности буфера
WebP 编码|WebP encoding|WebP エンコード|WebP 인코딩|Encodage WebP|WebP-Kodierung|Codificación WebP|Codificação WebP|Кодирование WebP
索引色 · 调色板 RGB 为 8 bit / 通道|Indexed color · Palette RGB is 8 bit/channel|インデックスカラー · パレット RGB は 8 bit/チャンネル|인덱스 색상 · 팔레트 RGB는 채널당 8 bit|Couleurs indexées · Palette RGB à 8 bits/canal|Indexfarben · RGB-Palette mit 8 Bit/Kanal|Color indexado · Paleta RGB de 8 bits/canal|Cor indexada · Paleta RGB de 8 bits/canal|Индексированный цвет · Палитра RGB 8 бит/канал
GIF 调色板|GIF palette|GIF パレット|GIF 팔레트|Palette GIF|GIF-Palette|Paleta GIF|Paleta GIF|Палитра GIF
图像解码器的源文件信息|Source file information from the image decoder|画像デコーダーの元ファイル情報|이미지 디코더의 원본 파일 정보|Informations source du décodeur d’image|Quelldateiinformationen des Bilddekoders|Información del archivo fuente del decodificador|Informações do ficheiro de origem do descodificador|Данные исходного файла от декодера изображений
拍摄日期|Capture date|撮影日時|촬영 날짜|Date de prise de vue|Aufnahmedatum|Fecha de captura|Data de captura|Дата съёмки
修改日期|Modified date|更新日時|수정 날짜|Date de modification|Änderungsdatum|Fecha de modificación|Data de modificação|Дата изменения
{0} 秒|{0} s|{0} 秒|{0}초|{0} s|{0} s|{0} s|{0} s|{0} с
{0} bit / 通道|{0} bit/channel|{0} bit/チャンネル|채널당 {0} bit|{0} bits/canal|{0} Bit/Kanal|{0} bits/canal|{0} bits/canal|{0} бит/канал
{0} bit / RAW 样本|{0} bit/RAW sample|{0} bit/RAW サンプル|RAW 샘플당 {0} bit|{0} bits/échantillon RAW|{0} Bit/RAW-Sample|{0} bits/muestra RAW|{0} bits/amostra RAW|{0} бит/отсчёт RAW
{0} bit 索引 · 调色板 RGB 为 8 bit / 通道|{0}-bit index · Palette RGB is 8 bit/channel|{0} bit インデックス · パレット RGB は 8 bit/チャンネル|{0} bit 인덱스 · 팔레트 RGB는 채널당 8 bit|Index {0} bits · Palette RGB à 8 bits/canal|{0}-Bit-Index · RGB-Palette mit 8 Bit/Kanal|Índice de {0} bits · Paleta RGB de 8 bits/canal|Índice de {0} bits · Paleta RGB de 8 bits/canal|Индекс {0} бит · Палитра RGB 8 бит/канал
位深依据：{0}。16 bit 解码输出不代表原片是 16 bit；屏幕最终色深受浏览器、系统和显示器影响。|Bit-depth source: {0}. A 16-bit decode does not mean the original is 16-bit. Display depth depends on the browser, system and monitor.|ビット深度の取得元：{0}。16 bit 出力でも元の写真が 16 bit とは限りません。表示深度はブラウザー、OS、ディスプレイに依存します。|비트 심도 기준: {0}. 16 bit 디코딩 출력이 원본도 16 bit임을 뜻하지는 않습니다. 화면 색심도는 브라우저, 시스템, 모니터에 따라 달라집니다.|Origine de la profondeur : {0}. Un décodage 16 bits ne signifie pas que l’original est en 16 bits. L’affichage dépend du navigateur, du système et de l’écran.|Quelle der Bittiefe: {0}. Eine 16-Bit-Dekodierung bedeutet nicht, dass das Original 16 Bit hat. Die Anzeige hängt von Browser, System und Monitor ab.|Origen de profundidad: {0}. Decodificar a 16 bits no implica que el original sea de 16 bits. La visualización depende del navegador, sistema y monitor.|Origem da profundidade: {0}. Descodificar a 16 bits não significa que o original tenha 16 bits. A apresentação depende do navegador, sistema e monitor.|Источник глубины цвета: {0}. Декодирование в 16 бит не означает, что оригинал 16-битный. Отображение зависит от браузера, системы и монитора.
用熟悉的语言，留住喜欢的瞬间。|Keep your favorite moments, in your own language.|いつもの言葉で、大切な瞬間を残そう。|익숙한 언어로 좋아하는 순간을 간직하세요.|Gardez vos instants préférés, dans votre langue.|Lieblingsmomente bewahren – in deiner Sprache.|Guarda tus momentos favoritos en tu idioma.|Guarde os seus momentos favoritos no seu idioma.|Сохраняйте любимые мгновения на своём языке.
更新说明版本已改变，请重新打开更新说明。|Release notes changed. Please reopen them.|更新情報のバージョンが変わりました。開き直してください。|업데이트 안내 버전이 바뀌었어요. 다시 여세요.|La version des notes a changé. Rouvrez-les.|Die Versionshinweise haben sich geändert. Öffne sie erneut.|Las notas cambiaron de versión. Ábrelas de nuevo.|As notas mudaram de versão. Volte a abri-las.|Версия списка изменений обновилась. Откройте его заново.
新增功能|New features|新機能|새로운 기능|Nouvelles fonctionnalités|Neue Funktionen|Nuevas funciones|Novas funcionalidades|Новые функции
体验优化|Improvements|使いやすさの改善|사용성 개선|Améliorations|Verbesserungen|Mejoras|Melhorias|Улучшения
支持中文、英语、日语、韩语、法语、德语、西班牙语、葡萄牙语和俄语。|Available in Chinese, English, Japanese, Korean, French, German, Spanish, Portuguese and Russian.|中国語、英語、日本語、韓国語、フランス語、ドイツ語、スペイン語、ポルトガル語、ロシア語に対応。|중국어, 영어, 일본어, 한국어, 프랑스어, 독일어, 스페인어, 포르투갈어, 러시아어를 지원합니다.|Disponible en chinois, anglais, japonais, coréen, français, allemand, espagnol, portugais et russe.|Verfügbar auf Chinesisch, Englisch, Japanisch, Koreanisch, Französisch, Deutsch, Spanisch, Portugiesisch und Russisch.|Disponible en chino, inglés, japonés, coreano, francés, alemán, español, portugués y ruso.|Disponível em chinês, inglês, japonês, coreano, francês, alemão, espanhol, português e russo.|Доступны китайский, английский, японский, корейский, французский, немецкий, испанский, португальский и русский языки.
点击地球图标切换语言，即时更新界面并记住选择，无需重新启动。|Click the globe to switch languages instantly. Your choice is saved; no restart needed.|地球アイコンからすぐに言語を切り替えられます。設定は保存され、再起動は不要です。|지구본 아이콘으로 언어를 즉시 전환하세요. 선택은 저장되며 재시작은 필요하지 않아요.|Cliquez sur le globe pour changer de langue immédiatement. Votre choix est enregistré, sans redémarrage.|Über das Globussymbol sofort die Sprache wechseln. Die Auswahl wird gespeichert, ohne Neustart.|Pulsa el globo para cambiar de idioma al instante. Se guarda tu elección sin reiniciar.|Clique no globo para mudar de idioma de imediato. A escolha é guardada, sem reiniciar.|Нажмите на глобус для мгновенной смены языка. Выбор сохраняется, перезапуск не нужен.
各语言使用独立的本地化名称，日期、提示和照片操作同步翻译。|Each language has its own local name, with translated dates, messages and photo actions.|言語ごとの名前とともに、日付、メッセージ、写真の操作も切り替わります。|언어별 고유 이름과 함께 날짜, 안내, 사진 작업도 번역됩니다.|Chaque langue a son propre nom, avec dates, messages et actions traduits.|Jede Sprache hat einen eigenen Namen; Datum, Hinweise und Fotoaktionen werden angepasst.|Cada idioma tiene su propio nombre, con fechas, mensajes y acciones traducidos.|Cada idioma tem um nome próprio, com datas, mensagens e ações traduzidas.|У каждого языка своё название; даты, сообщения и действия с фото переводятся вместе.
切换语言时保留当前照片、已选项目和未提交的相册名称。|Switch languages without losing the current photo, selections or an unsaved album name.|言語を切り替えても、表示中の写真、選択、未保存のアルバム名は保持されます。|언어를 바꿔도 현재 사진, 선택 항목, 저장 전 앨범 이름은 유지돼요.|Changer de langue conserve la photo, la sélection et le nom d’album non enregistré.|Beim Sprachwechsel bleiben Foto, Auswahl und ungespeicherter Albumname erhalten.|Al cambiar de idioma se conservan la foto, la selección y el nombre de álbum sin guardar.|Ao mudar de idioma mantém-se a fotografia, seleção e nome de álbum por guardar.|При смене языка сохраняются текущее фото, выбор и несохранённое название альбома.
文件名、文件夹名和自建相册名称保持原样。|File names, folder names and your album names remain unchanged.|ファイル名、フォルダー名、自分で付けたアルバム名は変更しません。|파일명, 폴더명, 직접 만든 앨범 이름은 그대로 유지됩니다.|Les noms de fichiers, dossiers et de vos albums restent inchangés.|Dateinamen, Ordnernamen und eigene Albumnamen bleiben unverändert.|Los nombres de archivos, carpetas y tus álbumes no cambian.|Os nomes de ficheiros, pastas e dos seus álbuns não mudam.|Имена файлов, папок и ваших альбомов остаются без изменений.
选择|Select|選択|선택|Sélectionner|Auswählen|Seleccionar|Selecionar|Выбрать
分享照片|Share photos|写真を共有|사진 공유|Partager les photos|Fotos teilen|Compartir fotos|Partilhar fotografias|Поделиться фотографиями
位深依据：|Bit-depth source: |ビット深度の取得元：|비트 심도 기준: |Origine de la profondeur : |Quelle der Bittiefe: |Origen de profundidad: |Origem da profundidade: |Источник глубины цвета: 
 / RAW 样本| / RAW sample| / RAW サンプル| / RAW 샘플| / échantillon RAW| / RAW-Sample| / muestra RAW| / amostra RAW| / отсчёт RAW
 / 通道| / channel| / チャンネル| / 채널| / canal| / Kanal| / canal| / canal| / канал
 秒| s| 秒|초| s| s| s| s| с
 bit 索引 · 调色板 RGB 为 8 bit / 通道| bit index · Palette RGB is 8 bit/channel| bit インデックス · パレット RGB は 8 bit/チャンネル| bit 인덱스 · 팔레트 RGB는 채널당 8 bit| bits indexés · Palette RGB à 8 bits/canal| Bit Index · RGB-Palette mit 8 Bit/Kanal| bits indexados · Paleta RGB de 8 bits/canal| bits indexados · Paleta RGB de 8 bits/canal| бит индекса · Палитра RGB 8 бит/канал
。16 bit 解码输出不代表原片是 16 bit；屏幕最终色深受浏览器、系统和显示器影响。|. A 16-bit decode does not mean a 16-bit original; display depth depends on the browser, system and monitor.|。16 bit 出力でも元の写真が 16 bit とは限りません。表示深度はブラウザー、OS、ディスプレイに依存します。|. 16 bit 출력이 원본도 16 bit임을 뜻하지는 않습니다. 화면 색심도는 브라우저, 시스템, 모니터에 따라 달라집니다.|. Un décodage 16 bits ne signifie pas un original 16 bits ; l’affichage dépend du navigateur, du système et de l’écran.|. 16-Bit-Ausgabe bedeutet nicht 16-Bit-Original; die Anzeige hängt von Browser, System und Monitor ab.|. Una salida de 16 bits no implica un original de 16 bits; la pantalla depende del navegador, sistema y monitor.|. Uma saída de 16 bits não implica um original de 16 bits; a apresentação depende do navegador, sistema e monitor.|. Вывод 16 бит не означает оригинал 16 бит; отображение зависит от браузера, системы и монитора.
照片来源已改变，请刷新窗口后重试。|Photo sources changed. Refresh and try again.|写真の場所が変わりました。更新して再試行してください。|사진 소스가 바뀌었어요. 새로고침 후 다시 시도하세요.|Les sources ont changé. Actualisez et réessayez.|Fotoquellen geändert. Aktualisiere und versuche es erneut.|El origen cambió. Actualiza e inténtalo de nuevo.|A origem mudou. Atualize e tente novamente.|Источники изменились. Обновите окно и повторите попытку.
照片来源已改变，请刷新窗口后重新选择照片。|Photo sources changed. Refresh and select photos again.|写真の場所が変わりました。更新して写真を選び直してください。|사진 소스가 바뀌었어요. 새로고침 후 사진을 다시 선택하세요.|Les sources ont changé. Actualisez et resélectionnez les photos.|Fotoquellen geändert. Aktualisiere und wähle Fotos erneut.|El origen cambió. Actualiza y vuelve a seleccionar fotos.|A origem mudou. Atualize e volte a selecionar fotografias.|Источники изменились. Обновите окно и выберите фотографии заново.
操作未完成|Operation incomplete|操作未完了|작업 미완료|Opération incomplète|Vorgang unvollständig|Operación incompleta|Operação incompleta|Операция не завершена
重命名文件夹|Rename folder|フォルダー名を変更|폴더 이름 변경|Renommer le dossier|Ordner umbenennen|Cambiar nombre de carpeta|Mudar o nome da pasta|Переименовать папку
会更改磁盘上的实际文件夹名称，其他软件中保存的旧路径可能需要重新定位。|This changes the folder name on disk. You may need to locate it again in other apps that use the old path.|ディスク上のフォルダー名を変更します。他のアプリで古い場所を参照している場合は、再指定が必要になることがあります。|디스크의 실제 폴더 이름이 변경됩니다. 이전 경로를 사용하는 다른 앱에서는 위치를 다시 지정해야 할 수 있습니다.|Le nom du dossier sur le disque sera modifié. Vous devrez peut-être le localiser à nouveau dans les autres applications utilisant l’ancien chemin.|Der Ordnername auf dem Datenträger wird geändert. In anderen Apps mit dem alten Pfad muss der Speicherort eventuell neu angegeben werden.|Se cambiará el nombre de la carpeta en el disco. Es posible que debas volver a localizarla en las aplicaciones que usen la ruta anterior.|O nome da pasta no disco será alterado. Poderá ser necessário localizá-la novamente nas aplicações que usam o caminho antigo.|Имя папки на диске изменится. В других приложениях, использующих старый путь, может потребоваться заново указать её расположение.
文件夹名称|Folder name|フォルダー名|폴더 이름|Nom du dossier|Ordnername|Nombre de la carpeta|Nome da pasta|Имя папки
保存名称|Save name|名前を保存|이름 저장|Enregistrer le nom|Namen speichern|Guardar nombre|Guardar nome|Сохранить имя
点击重命名文件夹|Click to rename folder|クリックしてフォルダー名を変更|클릭하여 폴더 이름 변경|Cliquer pour renommer le dossier|Zum Umbenennen klicken|Haz clic para cambiar el nombre|Clique para mudar o nome|Нажмите, чтобы переименовать папку
重命名文件夹：{0}|Rename folder: {0}|フォルダー名を変更：{0}|폴더 이름 변경: {0}|Renommer le dossier : {0}|Ordner umbenennen: {0}|Cambiar nombre de carpeta: {0}|Mudar o nome da pasta: {0}|Переименовать папку: {0}
文件夹已重命名|Folder renamed|フォルダー名を変更しました|폴더 이름을 변경했습니다|Dossier renommé|Ordner umbenannt|Nombre de carpeta cambiado|Nome da pasta alterado|Папка переименована
收起照片信息|Hide photo info|写真情報を折りたたむ|사진 정보 접기|Masquer les informations|Fotoinformationen ausblenden|Ocultar información de la foto|Ocultar informações da fotografia|Скрыть сведения о фото
展开照片信息|Show photo info|写真情報を表示|사진 정보 펼치기|Afficher les informations|Fotoinformationen anzeigen|Mostrar información de la foto|Mostrar informações da fotografia|Показать сведения о фото
全屏预览|Fullscreen preview|全画面プレビュー|전체 화면 미리 보기|Aperçu en plein écran|Vollbildvorschau|Vista previa en pantalla completa|Pré-visualização em ecrã inteiro|Полноэкранный просмотр
退出全屏预览|Exit fullscreen|全画面表示を終了|전체 화면 종료|Quitter le plein écran|Vollbild beenden|Salir de pantalla completa|Sair do ecrã inteiro|Выйти из полноэкранного режима
显示浏览控制栏|Show browsing controls|操作バーを表示|탐색 도구 표시|Afficher les commandes|Bedienelemente anzeigen|Mostrar controles de navegación|Mostrar controlos de navegação|Показать панель просмотра
无法进入全屏，请重试。|Could not enter fullscreen. Please try again.|全画面表示にできませんでした。もう一度お試しください。|전체 화면으로 전환하지 못했습니다. 다시 시도해 주세요.|Impossible de passer en plein écran. Réessayez.|Vollbild konnte nicht aktiviert werden. Bitte erneut versuchen.|No se pudo activar la pantalla completa. Inténtalo de nuevo.|Não foi possível ativar o ecrã inteiro. Tente novamente.|Не удалось включить полноэкранный режим. Попробуйте ещё раз.
请输入有效的文件夹名称（1–120 个字符，不含路径或特殊符号）。|Enter a valid folder name (1–120 characters, without a path or special characters).|有効なフォルダー名を入力してください（1～120文字。パスや特殊記号は使用できません）。|올바른 폴더 이름을 입력해 주세요(1~120자, 경로 및 특수 문자 제외).|Saisissez un nom de dossier valide (1 à 120 caractères, sans chemin ni caractères spéciaux).|Gültigen Ordnernamen eingeben (1–120 Zeichen, ohne Pfad oder Sonderzeichen).|Introduce un nombre de carpeta válido (1–120 caracteres, sin rutas ni caracteres especiales).|Introduza um nome de pasta válido (1–120 caracteres, sem caminhos nem caracteres especiais).|Введите допустимое имя папки (1–120 символов, без пути и специальных знаков).
请选择要重命名的照片文件夹。|Select a photo folder to rename.|名前を変更する写真フォルダーを選択してください。|이름을 변경할 사진 폴더를 선택해 주세요.|Sélectionnez un dossier de photos à renommer.|Einen Fotoordner zum Umbenennen auswählen.|Selecciona una carpeta de fotos para cambiarle el nombre.|Selecione uma pasta de fotografias para mudar o nome.|Выберите папку с фотографиями для переименования.
照片来源根目录、磁盘和程序目录不能在这里重命名。|Source roots, drives and program folders cannot be renamed here.|写真の参照元のルート、ドライブ、プログラム用フォルダーはここでは名前を変更できません。|사진 원본 루트, 드라이브 및 프로그램 폴더는 여기서 이름을 변경할 수 없습니다.|Les racines des sources, les lecteurs et les dossiers des programmes ne peuvent pas être renommés ici.|Quellverzeichnisse, Laufwerke und Programmordner können hier nicht umbenannt werden.|Aquí no se pueden cambiar los nombres de las carpetas raíz de origen, unidades o carpetas de programas.|Não é possível mudar aqui o nome das pastas de origem, unidades ou pastas de programas.|Здесь нельзя переименовать корневые папки источников, диски и папки программ.
文件夹不存在或位置已变化，请刷新后重试。|The folder no longer exists or has moved. Refresh and try again.|フォルダーが存在しないか、移動されています。更新してから再試行してください。|폴더가 없거나 위치가 변경되었습니다. 새로 고친 후 다시 시도해 주세요.|Le dossier n’existe plus ou a été déplacé. Actualisez, puis réessayez.|Der Ordner ist nicht mehr vorhanden oder wurde verschoben. Aktualisieren und erneut versuchen.|La carpeta ya no existe o se ha movido. Actualiza e inténtalo de nuevo.|A pasta já não existe ou foi movida. Atualize e tente novamente.|Папка больше не существует или была перемещена. Обновите список и повторите попытку.
此位置已有同名文件夹，请换一个名称。|A folder with this name already exists here. Choose another name.|同じ名前のフォルダーが既にあります。別の名前を指定してください。|같은 이름의 폴더가 이미 있습니다. 다른 이름을 입력해 주세요.|Un dossier porte déjà ce nom à cet emplacement. Choisissez un autre nom.|Hier gibt es bereits einen Ordner mit diesem Namen. Bitte einen anderen Namen wählen.|Ya existe una carpeta con ese nombre aquí. Elige otro nombre.|Já existe uma pasta com esse nome neste local. Escolha outro nome.|Здесь уже есть папка с таким именем. Выберите другое имя.
无法重命名文件夹，请检查权限或关闭占用它的程序。|Could not rename the folder. Check permissions or close any apps using it.|フォルダー名を変更できません。アクセス権を確認するか、使用中のアプリを閉じてください。|폴더 이름을 변경할 수 없습니다. 권한을 확인하거나 사용 중인 앱을 닫아 주세요.|Impossible de renommer le dossier. Vérifiez les autorisations ou fermez les applications qui l’utilisent.|Der Ordner konnte nicht umbenannt werden. Berechtigungen prüfen oder Apps schließen, die ihn verwenden.|No se pudo cambiar el nombre. Comprueba los permisos o cierra las aplicaciones que usan la carpeta.|Não foi possível mudar o nome. Verifique as permissões ou feche as aplicações que usam a pasta.|Не удалось переименовать папку. Проверьте права доступа или закройте программы, которые её используют.
整理文件夹，沉浸看照片。|Organize folders. Immerse yourself in your photos.|フォルダーを整えて、写真に浸る。|폴더를 정리하고 사진에 몰입하세요.|Organisez vos dossiers, plongez dans vos photos.|Ordner ordnen, Fotos ungestört genießen.|Organiza tus carpetas y sumérgete en tus fotos.|Organize as suas pastas e mergulhe nas suas fotografias.|Порядок в папках, полное погружение в фотографии.
右击文件夹，或进入后点击文件夹名称，即可重命名；相册和收藏归属保留。|Right-click a folder, or click its name after opening it, to rename it. Album membership and favorites are preserved.|フォルダーを右クリックするか、開いてから名前をクリックすると変更できます。アルバムやお気に入りの登録は維持されます。|폴더를 마우스 오른쪽 버튼으로 클릭하거나 폴더를 연 후 이름을 클릭하여 변경할 수 있습니다. 앨범 및 즐겨찾기는 유지됩니다.|Renommez un dossier par clic droit ou en cliquant sur son nom après l’avoir ouvert. Les albums et favoris sont conservés.|Ordner per Rechtsklick oder nach dem Öffnen per Klick auf den Namen umbenennen. Alben und Favoriten bleiben erhalten.|Haz clic derecho en una carpeta o en su nombre tras abrirla para cambiarlo. Se conservan los álbumes y favoritos.|Clique com o botão direito numa pasta ou no nome após a abrir para o alterar. Os álbuns e favoritos são mantidos.|Чтобы переименовать папку, нажмите на неё правой кнопкой мыши или на её имя после открытия. Альбомы и избранное сохраняются.
照片信息默认展开，可通过右侧箭头收起或重新展开。|Photo info is shown by default. Use the arrow on the right to hide or show it.|写真情報は最初から表示されます。右側の矢印で折りたたみ・展開できます。|사진 정보는 기본으로 표시됩니다. 오른쪽 화살표로 접거나 펼칠 수 있습니다.|Les informations s’affichent par défaut. La flèche à droite permet de les masquer ou de les afficher.|Fotoinformationen werden standardmäßig angezeigt. Mit dem Pfeil rechts lassen sie sich ein- oder ausblenden.|La información se muestra por defecto. Usa la flecha derecha para ocultarla o mostrarla.|As informações são apresentadas por predefinição. Use a seta à direita para as ocultar ou mostrar.|Сведения о фото показаны по умолчанию. Стрелка справа скрывает и раскрывает панель.
右上角按钮进入全屏预览，底部缩略图和时间轴在鼠标靠近时展开，离开后自动收起。|Use the top-right button for fullscreen. Bottom thumbnails and the timeline appear as the pointer approaches and hide when it moves away.|右上のボタンで全画面表示に切り替わります。下部のサムネイルと時間軸はマウスを近づけると表示され、離すと自動的に隠れます。|오른쪽 위 버튼으로 전체 화면을 엽니다. 아래쪽 썸네일과 시간축은 마우스를 가까이 가져가면 나타나고 멀어지면 숨겨집니다.|Le bouton en haut à droite active le plein écran. Les vignettes et la chronologie apparaissent à l’approche du pointeur et se masquent lorsqu’il s’éloigne.|Die Schaltfläche oben rechts öffnet das Vollbild. Miniaturen und Zeitleiste erscheinen unten, wenn sich der Mauszeiger nähert, und verschwinden beim Entfernen.|El botón superior derecho activa la pantalla completa. Las miniaturas y la línea de tiempo aparecen al acercar el puntero y se ocultan al alejarlo.|O botão no canto superior direito ativa o ecrã inteiro. As miniaturas e a cronologia aparecem quando o ponteiro se aproxima e ocultam-se quando se afasta.|Кнопка справа вверху включает полноэкранный режим. Миниатюры и шкала времени внизу появляются при приближении указателя и скрываются, когда он отдаляется.
退出全屏恢复信息栏状态；滚轮缩放、原图细节和多选继续可用。|Leaving fullscreen restores the info panel. Wheel zoom, original detail and multi-select remain available.|全画面表示を終了すると情報パネルの状態が戻ります。ホイールズーム、原寸表示、複数選択も引き続き使えます。|전체 화면을 종료하면 정보 패널 상태가 복원됩니다. 휠 확대, 원본 상세 보기, 다중 선택을 계속 사용할 수 있습니다.|La sortie du plein écran rétablit le panneau d’informations. Le zoom à la molette, les détails originaux et la sélection multiple restent disponibles.|Beim Verlassen des Vollbilds wird der Zustand der Infoseite wiederhergestellt. Mausrad-Zoom, Originaldetails und Mehrfachauswahl bleiben verfügbar.|Al salir se restaura el panel de información. Siguen disponibles el zoom con la rueda, los detalles originales y la selección múltiple.|Ao sair, o painel de informações é restaurado. O zoom com a roda, os detalhes originais e a seleção múltipla continuam disponíveis.|При выходе восстанавливается состояние панели сведений. Масштабирование колёсиком, оригинальные детали и выбор нескольких фото остаются доступны.
新增操作和提示同步支持九种界面语言。|New controls and messages support all nine interface languages.|新しい操作とメッセージも9言語に対応しています。|새로운 기능과 안내도 9개 언어로 제공됩니다.|Les nouvelles commandes et les messages sont disponibles dans les neuf langues.|Neue Bedienelemente und Hinweise sind in allen neun Sprachen verfügbar.|Los nuevos controles y mensajes están disponibles en los nueve idiomas.|Os novos controlos e mensagens estão disponíveis nos nove idiomas.|Новые элементы управления и сообщения доступны на всех девяти языках.
此名称会被图库扫描排除，请换一个名称。|Folders with this name are excluded from scans. Choose another name.|この名前のフォルダーはスキャン対象外になります。別の名前を指定してください。|이 이름의 폴더는 검색 대상에서 제외됩니다. 다른 이름을 입력해 주세요.|Les dossiers portant ce nom sont exclus de l’analyse. Choisissez un autre nom.|Ordner mit diesem Namen werden nicht eingelesen. Bitte einen anderen Namen wählen.|Las carpetas con este nombre se excluyen del análisis. Elige otro nombre.|As pastas com este nome são excluídas da análise. Escolha outro nome.|Папки с таким именем исключаются из сканирования. Выберите другое имя.
让缩略图轻盈地浮在照片之上。|Let thumbnails float lightly over your photos.|サムネイルを写真の上に軽やかに。|사진 위에 가볍게 떠오르는 썸네일.|Des vignettes qui flottent au-dessus de vos photos.|Miniaturen schweben leicht über Ihren Fotos.|Miniaturas que flotan sobre tus fotos.|Miniaturas que flutuam sobre as suas fotografias.|Миниатюры легко парят над фотографиями.
修复全屏下放大缩略图被裁切的问题。|Fixed enlarged thumbnails being clipped in fullscreen.|全画面表示で拡大サムネイルが切れる問題を修正しました。|전체 화면에서 확대된 썸네일이 잘리는 문제를 수정했습니다.|Correction des vignettes agrandies coupées en plein écran.|Vergrößerte Miniaturen werden im Vollbild nicht mehr abgeschnitten.|Se ha corregido el recorte de las miniaturas ampliadas en pantalla completa.|Foi corrigido o corte das miniaturas ampliadas em ecrã inteiro.|Исправлено обрезание увеличенных миниатюр в полноэкранном режиме.
缩略图区域背景透明，仅底部时间进度条保留底色。|The thumbnail area is transparent; only the bottom timeline keeps a background.|サムネイルの背景を透明にし、下部の時間軸だけに背景色を残しました。|썸네일 영역의 배경은 투명하며 맨 아래 시간축에만 배경색이 표시됩니다.|La zone des vignettes est transparente ; seule la chronologie en bas conserve un fond.|Der Miniaturbereich ist transparent; nur die Zeitleiste unten behält einen Hintergrund.|El área de miniaturas es transparente; solo la línea de tiempo inferior conserva el fondo.|A área das miniaturas é transparente; apenas a cronologia inferior mantém um fundo.|Область миниатюр стала прозрачной; фон сохранён только у нижней шкалы времени.
缩略图连续紧贴排列，放大预览按照片原始比例显示。|Thumbnails sit edge to edge, and enlarged previews preserve each photo’s original proportions.|サムネイルを隙間なく並べ、拡大プレビューでは元の縦横比を保ちます。|썸네일을 간격 없이 이어 배치하고 확대 미리 보기에서는 사진의 원래 비율을 유지합니다.|Les vignettes sont jointives et les aperçus agrandis respectent les proportions d’origine.|Miniaturen schließen lückenlos aneinander an; vergrößerte Vorschauen behalten das Originalformat.|Las miniaturas se unen sin espacios y las vistas ampliadas conservan las proporciones originales.|As miniaturas ficam encostadas e as pré-visualizações ampliadas mantêm as proporções originais.|Миниатюры расположены вплотную, а увеличенные превью сохраняют исходные пропорции фотографий.
全屏浏览更清晰，更新记录一目了然。|Full-screen browsing is clearer, and the update history is clear at a glance.|全画面での閲覧がより鮮明になり、更新履歴も一目瞭然です。|전체 화면 탐색이 더욱 선명해지고, 업데이트 내역도 한눈에 알 수 있습니다.|La navigation en plein écran est plus claire et l'historique des mises à jour est clair en un coup d'œil.|Das Durchsuchen im Vollbildmodus ist klarer und der Aktualisierungsverlauf ist auf einen Blick klar.|La navegación en pantalla completa es más clara y el historial de actualizaciones es claro de un vistazo.|A navegação em tela cheia é mais clara e o histórico de atualizações fica claro à primeira vista.|Полноэкранный просмотр стал более понятным, а история обновлений понятна с первого взгляда.
拾光图库，换上新的图标。|Light picking library, replaced with new icons.|ライトピッキングライブラリが新しいアイコンに置き換えられました。|라이트 피킹 라이브러리가 새로운 아이콘으로 대체되었습니다.|Bibliothèque de sélection légère, remplacée par de nouvelles icônes.|Leichte Auswahlbibliothek, ersetzt durch neue Symbole.|Biblioteca de selección ligera, reemplazada por nuevos íconos.|Biblioteca de seleção leve, substituída por novos ícones.|Библиотека легкой комплектации, заменена новыми иконками.
浏览位置不丢失，大图选片与时间定位更顺手。|The browsing position is not lost, and large picture selection and time positioning are more convenient.|閲覧位置が失われず、大きな画像の選択や時間の位置決めがより便利になります。|탐색 위치가 손실되지 않으며 큰 사진 선택 및 시간 위치 지정이 더 편리합니다.|La position de navigation n'est pas perdue, et une grande sélection d'images et un positionnement temporel sont plus pratiques.|Die Browsing-Position geht nicht verloren und eine große Bildauswahl und Zeitpositionierung sind bequemer.|La posición de navegación no se pierde y la selección de imágenes grandes y el posicionamiento temporal son más convenientes.|A posição de navegação não é perdida e a grande seleção de imagens e o posicionamento de tempo são mais convenientes.|Позиция просмотра не теряется, а выбор большого изображения и позиционирование по времени становятся более удобными.
照片来源更自由，浏览和整理更顺手。|Photo sources are freer, and browsing and organizing are easier.|写真ソースがより自由になり、閲覧や整理が簡単になります。|사진 소스는 더욱 자유롭고 검색 및 정리는 더욱 쉬워졌습니다.|Les sources de photos sont plus libres, et la navigation et l’organisation sont plus faciles.|Fotoquellen sind freier und das Durchsuchen und Organisieren ist einfacher.|Las fuentes de fotografías son más libres y la navegación y la organización son más sencillas.|As fontes de fotos são mais livres e a navegação e a organização são mais fáceis.|Источники фотографий стали более свободными, а просмотр и систематизация стали проще.
拾光图库初版。|First edition of Light Picking Library.|ライトピッキングライブラリーの初版。|Light Picking Library의 첫 번째 버전입니다.|Première édition de Light Picking Library.|Erste Ausgabe der Light Picking Library.|Primera edición de Light Picking Library.|Primeira edição da Biblioteca Light Picking.|Первое издание библиотеки Light Picking Library.
问题修复|Bug fixes|バグ修正|버그 수정|Corrections de bugs|Fehlerbehebungen|Corrección de errores|Correções de bugs|Исправления ошибок
视觉更新|visual update|ビジュアルアップデート|시각적 업데이트|mise à jour visuelle|visuelles Update|actualización visual|atualização visual|визуальное обновление
初版功能|First version features|最初のバージョンの機能|첫 번째 버전 기능|Fonctionnalités de la première version|Funktionen der ersten Version|Características de la primera versión.|Recursos da primeira versão|Возможности первой версии
全屏中的照片日期与缩略图说明移至顶部菜单，避免文字与照片颜色冲突。|The photo date and thumbnail description in the full screen are moved to the top menu to avoid text and photo color conflict.|テキストと写真の色の競合を避けるために、全画面表示の写真の日付とサムネイルの説明がトップメニューに移動されました。|텍스트와 사진 색상이 충돌하는 것을 방지하기 위해 전체 화면의 사진 날짜 및 썸네일 설명이 상단 메뉴로 이동되었습니다.|La date de la photo et la description miniature en plein écran sont déplacées vers le menu supérieur pour éviter les conflits de couleurs entre le texte et la photo.|Das Fotodatum und die Miniaturbildbeschreibung im Vollbildmodus werden in das obere Menü verschoben, um Konflikte zwischen Text und Fotofarbe zu vermeiden.|La fecha de la foto y la descripción en miniatura en la pantalla completa se mueven al menú superior para evitar conflictos de color entre el texto y la foto.|A data da foto e a descrição da miniatura em tela inteira são movidas para o menu superior para evitar conflito de texto e cor da foto.|Дата фотографии и описание миниатюры в полноэкранном режиме перенесены в верхнее меню, чтобы избежать конфликта цветов текста и фотографии.
左侧下方可滚动查看 beta1 至 beta6.1 的全部更新内容。|You can scroll below on the left to view all updates from beta1 to beta6.1.|左側の下にスクロールすると、ベータ 1 からベータ 6.1 までのすべてのアップデートを表示できます。|왼쪽 아래로 스크롤하면 베타1부터 베타6.1까지의 모든 업데이트를 볼 수 있습니다.|Vous pouvez faire défiler ci-dessous sur la gauche pour afficher toutes les mises à jour de la version bêta1 à la version bêta6.1.|Sie können unten links scrollen, um alle Updates von Beta1 bis Beta6.1 anzuzeigen.|Puede desplazarse hacia abajo a la izquierda para ver todas las actualizaciones desde beta1 hasta beta6.1.|Você pode rolar abaixo à esquerda para ver todas as atualizações de beta1 a beta6.1.|Вы можете прокрутить ниже слева, чтобы просмотреть все обновления от бета-версии 1 до бета-версии 6.1.
全新深翡翠绿图标，以暖白叠片和柔金色光点表现照片与光。|The new deep emerald green icon uses warm white stacks and soft golden light spots to express photos and light.|新しい深いエメラルドグリーンのアイコンは、温かみのある白のスタックと柔らかな金色の光スポットを使用して、写真と光を表現しています。|새로운 딥 에메랄드 그린 아이콘은 따뜻한 화이트 스택과 부드러운 골든 라이트 스팟을 사용하여 사진과 빛을 표현합니다.|La nouvelle icône vert émeraude profond utilise des piles de blanc chaud et des points lumineux dorés doux pour exprimer les photos et la lumière.|Das neue Symbol in tiefem Smaragdgrün nutzt warmweiße Stapel und sanfte goldene Lichtpunkte, um Fotos und Licht zum Ausdruck zu bringen.|El nuevo ícono de color verde esmeralda intenso utiliza pilas de color blanco cálido y puntos de luz dorados suaves para expresar fotografías y luz.|O novo ícone verde esmeralda profundo usa pilhas brancas quentes e pontos de luz dourados suaves para expressar fotos e luz.|В новом значке насыщенного изумрудно-зеленого цвета используются теплые белые стеки и мягкие золотистые световые пятна для выражения фотографий и света.
统一桌面快捷方式、程序图标、窗口图标及左上角品牌标识。|Unify desktop shortcuts, program icons, window icons and the brand logo in the upper left corner.|デスクトップのショートカット、プログラムアイコン、ウィンドウアイコン、ブランドロゴを左上隅に統一します。|바탕 화면 바로 가기, 프로그램 아이콘, 창 아이콘, 브랜드 로고를 왼쪽 상단에 통합합니다.|Unifiez les raccourcis du bureau, les icônes de programme, les icônes de fenêtre et le logo de la marque dans le coin supérieur gauche.|Vereinheitlichen Sie Desktop-Verknüpfungen, Programmsymbole, Fenstersymbole und das Markenlogo in der oberen linken Ecke.|Unifica los accesos directos del escritorio, los íconos de programas, los íconos de ventanas y el logo de la marca en la esquina superior izquierda.|Unifique atalhos da área de trabalho, ícones de programas, ícones de janelas e o logotipo da marca no canto superior esquerdo.|Объедините ярлыки на рабочем столе, значки программ, значки окон и логотип бренда в левом верхнем углу.
提供多尺寸 Windows 图标，适配不同缩放比例与桌面图标大小。|Provides multi-sized Windows icons to adapt to different scaling ratios and desktop icon sizes.|さまざまな拡大縮小率やデスクトップ アイコン サイズに適応する、複数サイズの Windows アイコンを提供します。|다양한 크기 조정 비율과 바탕 화면 아이콘 크기에 맞게 조정할 수 있는 다양한 크기의 Windows 아이콘을 제공합니다.|Fournit des icônes Windows de plusieurs tailles pour s'adapter à différents taux de mise à l'échelle et tailles d'icônes du bureau.|Bietet Windows-Symbole in verschiedenen Größen zur Anpassung an unterschiedliche Skalierungsverhältnisse und Desktop-Symbolgrößen.|Proporciona íconos de Windows de varios tamaños para adaptarse a diferentes proporciones de escala y tamaños de íconos del escritorio.|Fornece ícones do Windows de vários tamanhos para se adaptar a diferentes proporções de escala e tamanhos de ícones da área de trabalho.|Предоставляет значки Windows разных размеров для адаптации к различным коэффициентам масштабирования и размерам значков на рабочем столе.
关闭大图或按 Esc 后，主界面自动定位并高亮刚刚浏览的照片，支持跨越已加载范围。|After closing the large picture or pressing Esc, the main interface automatically locates and highlights the photo just browsed, and supports spanning the loaded range.|大きな画像を閉じるか Esc キーを押すと、メイン インターフェイスは閲覧したばかりの写真を自動的に見つけて強調表示し、読み込まれた範囲のスパンをサポートします。|큰 사진을 닫거나 Esc를 누르면 기본 인터페이스가 방금 검색한 사진을 자동으로 찾아 강조 표시하고 로드된 범위 확장을 지원합니다.|Après avoir fermé la grande image ou appuyé sur Echap, l'interface principale localise et met automatiquement en surbrillance la photo que vous venez de parcourir et prend en charge la plage chargée.|Nachdem Sie das große Bild geschlossen oder Esc gedrückt haben, findet und hebt die Hauptoberfläche automatisch das gerade durchsuchte Foto hervor und unterstützt das Überspannen des geladenen Bereichs.|Después de cerrar la imagen grande o presionar Esc, la interfaz principal ubica y resalta automáticamente la foto que se acaba de explorar y admite abarcar el rango cargado.|Depois de fechar a imagem grande ou pressionar Esc, a interface principal localiza e destaca automaticamente a foto que acabou de navegar e suporta a extensão do intervalo carregado.|После закрытия большого изображения или нажатия клавиши Esc основной интерфейс автоматически находит и выделяет только что просмотренную фотографию, а также поддерживает охват загруженного диапазона.
缩略图旁新增“回到当前照片”，滚远后可一键让当前大图的缩略图回到中央。|"Return to current photo" is added next to the thumbnail. After scrolling away, you can return the thumbnail of the current large photo to the center with one click.|サムネイルの横に「現在の写真に戻る」を追加しました。スクロールして離れた後、ワンクリックで現在の大きな写真のサムネイルを中央に戻すことができます。|썸네일 옆에 "현재 사진으로 돌아가기"를 추가했습니다. 스크롤한 후 한 번의 클릭으로 현재 큰 사진의 썸네일을 중앙으로 되돌릴 수 있습니다.|Ajout de "Retour à la photo actuelle" à côté de la vignette. Après avoir fait défiler l'écran, vous pouvez ramener la vignette de la grande photo actuelle au centre en un seul clic.|Neben der Miniaturansicht wurde „Zurück zum aktuellen Foto“ hinzugefügt. Nach dem Wegscrollen können Sie die Miniaturansicht des aktuellen großen Fotos mit einem Klick wieder in die Mitte bringen.|Se agregó "Volver a la foto actual" junto a la miniatura. Después de desplazarte, puedes devolver la miniatura de la foto grande actual al centro con un solo clic.|Adicionado "Retornar à foto atual" próximo à miniatura. Depois de rolar para fora, você pode retornar a miniatura da foto grande atual para o centro com um clique.|Рядом с миниатюрой добавлена надпись «Вернуться к текущей фотографии». После прокрутки вы можете одним щелчком мыши вернуть миниатюру текущей большой фотографии в центр.
底部定位条新增可点击的日期坐标：全部照片或长时间范围显示年月日，31 天内的文件夹、相册及筛选范围显示月日和时分。|Clickable date coordinates have been added to the bottom positioning bar: all photos or a long-term range display the year, month and day, and folders, albums and filter ranges within 31 days display the month, day and hour.|クリック可能な日付座標が下部の位置バーに追加されました。すべての写真または長期範囲には年、月、日が表示され、31 日以内のフォルダー、アルバム、フィルター範囲には月、日、時間が表示されます。|하단 위치 표시줄에 클릭 가능한 날짜 좌표가 추가되었습니다. 모든 사진 또는 장기 범위에는 연도, 월, 일이 표시되고, 31일 내의 폴더, 앨범 및 필터 범위에는 월, 일, 시간이 표시됩니다.|Des coordonnées de date cliquables ont été ajoutées à la barre de positionnement inférieure : toutes les photos ou une plage à long terme affichent l'année, le mois et le jour, et les dossiers, albums et plages de filtres dans les 31 jours affichent le mois, le jour et l'heure.|Der unteren Positionierungsleiste wurden anklickbare Datumskoordinaten hinzugefügt: Alle Fotos oder ein Langzeitbereich zeigen Jahr, Monat und Tag an, und Ordner, Alben und Filterbereiche innerhalb von 31 Tagen zeigen Monat, Tag und Stunde an.|Se agregaron coordenadas de fecha en las que se puede hacer clic a la barra de posicionamiento inferior: todas las fotos o un rango a largo plazo muestran el año, mes y día, y las carpetas, álbumes y rangos de filtros dentro de 31 días muestran el mes, día y hora.|Coordenadas de data clicáveis ​​foram adicionadas à barra de posicionamento inferior: todas as fotos ou um intervalo de longo prazo exibem o ano, mês e dia, e pastas, álbuns e intervalos de filtros dentro de 31 dias exibem o mês, dia e hora.|В нижнюю панель позиционирования добавлены кликабельные координаты даты: все фотографии или долгосрочный диапазон отображают год, месяц и день, а папки, альбомы и диапазоны фильтров в течение 31 дня отображают месяц, день и час.
大图界面可选择当前照片或多选缩略图，已选照片与主界面同步，可批量加入现有相册或新建相册。|You can select the current photo or multiple-select thumbnails on the large picture interface. The selected photos are synchronized with the main interface. You can add existing photo albums or create new photo albums in batches.|大きな画像インターフェイスで現在の写真を選択することも、サムネイルを複数選択することもできます。選択した写真はメインインターフェイスと同期されます。既存のフォト アルバムを追加したり、新しいフォト アルバムをバッチで作成したりできます。|대형 사진 인터페이스에서 현재 사진을 선택하거나 다중 선택 축소판을 선택할 수 있습니다. 선택한 사진은 기본 인터페이스와 동기화됩니다. 기존 사진 앨범을 추가하거나 새 사진 앨범을 일괄 생성할 수 있습니다.|Vous pouvez sélectionner la photo actuelle ou sélectionner plusieurs vignettes sur l'interface de grande image. Les photos sélectionnées sont synchronisées avec l'interface principale. Vous pouvez ajouter des albums photo existants ou créer de nouveaux albums photo par lots.|Sie können das aktuelle Foto auswählen oder mehrere Miniaturansichten auf der Großbildoberfläche auswählen. Die ausgewählten Fotos werden mit der Hauptoberfläche synchronisiert. Sie können vorhandene Fotoalben hinzufügen oder stapelweise neue Fotoalben erstellen.|Puede seleccionar la foto actual o miniaturas de selección múltiple en la interfaz de imagen grande. Las fotos seleccionadas se sincronizan con la interfaz principal. Puede agregar álbumes de fotos existentes o crear nuevos álbumes de fotos en lotes.|Você pode selecionar a foto atual ou selecionar múltiplas miniaturas na interface de imagem grande. As fotos selecionadas são sincronizadas com a interface principal. Você pode adicionar álbuns de fotos existentes ou criar novos álbuns de fotos em lotes.|Вы можете выбрать текущую фотографию или несколько миниатюр в интерфейсе большого изображения. Выбранные фотографии синхронизируются с основным интерфейсом. Вы можете добавлять существующие фотоальбомы или создавать новые фотоальбомы в пакетном режиме.
坐标点对应真实照片时间，随浏览范围、日期排序和窗口宽度更新。|The coordinate points correspond to the real photo time and are updated with the browsing range, date sorting and window width.|座標点は実際の写真時間に対応し、閲覧範囲、日付並べ替え、ウィンドウ幅によって更新されます。|좌표 지점은 실제 사진 시간에 해당하며 검색 범위, 날짜 정렬 및 창 너비로 업데이트됩니다.|Les points de coordonnées correspondent à l'heure réelle de la photo et sont mis à jour avec la plage de navigation, le tri des dates et la largeur de la fenêtre.|Die Koordinatenpunkte entsprechen der tatsächlichen Fotozeit und werden mit dem Suchbereich, der Datumssortierung und der Fensterbreite aktualisiert.|Los puntos de coordenadas corresponden al tiempo real de la foto y se actualizan con el rango de navegación, la clasificación de fechas y el ancho de la ventana.|Os pontos de coordenadas correspondem ao tempo real da foto e são atualizados com o intervalo de navegação, classificação de data e largura da janela.|Точки координат соответствуют реальному времени фотографии и обновляются с учетом диапазона просмотра, сортировки по дате и ширины окна.
缩略图选择状态与当前大图位置分别标记，退出多选模式会保留已选照片。|The thumbnail selection status and the current large image position are marked separately. Exiting multi-selection mode will retain the selected photos.|サムネイルの選択ステータスと現在の大きな画像の位置が個別にマークされます。複数選択モードを終了すると、選択した写真が保持されます。|썸네일 선택 상태와 현재 큰 이미지 위치가 별도로 표시됩니다. 다중 선택 모드를 종료하면 선택한 사진이 유지됩니다.|L'état de sélection des vignettes et la position actuelle de la grande image sont marqués séparément. Quitter le mode multi-sélection conservera les photos sélectionnées.|Der Miniaturbild-Auswahlstatus und die aktuelle Großbildposition werden separat markiert. Beim Verlassen des Mehrfachauswahlmodus bleiben die ausgewählten Fotos erhalten.|El estado de selección de miniaturas y la posición actual de la imagen grande se marcan por separado. Al salir del modo de selección múltiple se conservarán las fotos seleccionadas.|O status de seleção de miniaturas e a posição atual da imagem grande são marcados separadamente. Sair do modo de seleção múltipla manterá as fotos selecionadas.|Статус выбора миниатюр и текущая позиция большого изображения отмечаются отдельно. При выходе из режима множественного выбора выбранные фотографии сохранятся.
新增“照片来源”：随时更换照片文件夹，也可开启全盘浏览，自行选择要扫描的磁盘。|Added "Photo Source": Change the photo folder at any time, or enable full disk browsing to select the disk to be scanned.|「フォト ソース」を追加: いつでも写真フォルダーを変更したり、フル ディスクの参照を有効にしてスキャンするディスクを選択したりできます。|"사진 소스" 추가: 언제든지 사진 폴더를 변경하거나 전체 디스크 검색을 활성화하여 스캔할 디스크를 선택할 수 있습니다.|Ajout de « Source de photos » : modifiez le dossier de photos à tout moment ou activez la navigation complète sur le disque pour sélectionner le disque à analyser.|„Fotoquelle“ hinzugefügt: Sie können den Fotoordner jederzeit ändern oder die vollständige Festplattendurchsuchung aktivieren, um die zu scannende Festplatte auszuwählen.|Se agregó "Fuente de la foto": cambie la carpeta de fotos en cualquier momento o habilite la exploración completa del disco para seleccionar el disco que se va a escanear.|Adicionada "Fonte da foto": altere a pasta de fotos a qualquer momento ou ative a navegação completa no disco para selecionar o disco a ser verificado.|Добавлен «Источник фотографий». Измените папку с фотографиями в любое время или включите просмотр всего диска, чтобы выбрать диск для сканирования.
不同照片来源分别保留相册与收藏，切回原来源即可继续整理。|Keep albums and collections of different photo sources, and switch back to the original source to continue organizing.|さまざまな写真ソースのアルバムやコレクションを保持し、元のソースに戻って整理を続けます。|다양한 사진 소스의 앨범과 컬렉션을 보관하고 원본 소스로 다시 전환하여 계속 정리하세요.|Conservez des albums et des collections de différentes sources de photos et revenez à la source d'origine pour continuer à organiser.|Behalten Sie Alben und Sammlungen verschiedener Fotoquellen und wechseln Sie zurück zur Originalquelle, um mit der Organisation fortzufahren.|Guarde álbumes y colecciones de diferentes fuentes de fotografías y vuelva a la fuente original para continuar organizando.|Mantenha álbuns e coleções de diferentes fontes de fotos e volte para a fonte original para continuar organizando.|Сохраняйте альбомы и коллекции из разных источников фотографий и возвращайтесь к исходному источнику, чтобы продолжить упорядочение.
新增更新说明窗口，新版本首次打开时提示，也可从侧栏随时查看。|A new update description window has been added, which prompts when the new version is opened for the first time, and can also be viewed at any time from the sidebar.|新しい更新の説明ウィンドウが追加されました。新しいバージョンを初めて開くときにプロンプトが表示され、サイドバーからいつでも表示できます。|새 버전이 처음 열릴 때 메시지를 표시하고 언제든지 사이드바에서 볼 수도 있는 새로운 업데이트 설명 창이 추가되었습니다.|Une nouvelle fenêtre de description de la mise à jour a été ajoutée, qui vous invite à ouvrir la nouvelle version pour la première fois et peut également être consultée à tout moment à partir de la barre latérale.|Es wurde ein neues Update-Beschreibungsfenster hinzugefügt, das Sie beim ersten Öffnen der neuen Version fragt und jederzeit über die Seitenleiste angezeigt werden kann.|Se agregó una nueva ventana de descripción de la actualización, que avisa cuando se abre la nueva versión por primera vez y también se puede ver en cualquier momento desde la barra lateral.|Uma nova janela de descrição da atualização foi adicionada, que avisa quando a nova versão é aberta pela primeira vez e também pode ser visualizada a qualquer momento na barra lateral.|Было добавлено новое окно описания обновления, которое запрашивает при первом открытии новой версии, а также его можно просмотреть в любой момент на боковой панели.
照片进度条显示真实缩略图；悬停时中心图片放大、两侧渐小，并预加载附近图片。|The photo progress bar displays real thumbnails; when hovering, the center image is enlarged, the sides become smaller, and nearby images are preloaded.|写真の進行状況バーには実際のサムネイルが表示されます。ホバリングすると、中央の画像が拡大され、両側が小さくなり、近くの画像がプリロードされます。|사진 진행 표시줄에는 실제 축소판이 표시됩니다. 마우스를 올리면 중앙 이미지가 확대되고 측면이 작아지며 주변 이미지가 미리 로드됩니다.|La barre de progression de la photo affiche de vraies vignettes ; en survol, l'image centrale est agrandie, les côtés deviennent plus petits et les images proches sont préchargées.|Der Foto-Fortschrittsbalken zeigt echte Miniaturansichten an; Beim Schweben wird das mittlere Bild vergrößert, die Seiten werden kleiner und Bilder in der Nähe werden vorgeladen.|La barra de progreso de la fotografía muestra miniaturas reales; al pasar el cursor, la imagen central se amplía, los lados se vuelven más pequeños y las imágenes cercanas se precargan.|A barra de progresso da foto exibe miniaturas reais; ao passar o mouse, a imagem central é ampliada, os lados ficam menores e as imagens próximas são pré-carregadas.|Индикатор выполнения фотографий отображает настоящие миниатюры; при наведении центральное изображение увеличивается, боковые уменьшаются, а соседние изображения подгружаются заранее.
修复进度条粗选后，目标照片没有处于缩略图带正中央的问题。|Fixed an issue where the target photo was not in the center of the thumbnail strip after rough selection in the progress bar.|プログレスバーで大まかに選択した後、ターゲットの写真がサムネイルストリップの中央に表示されない問題を修正しました。|진행률 표시줄에서 대략적인 선택을 한 후 대상 사진이 썸네일 스트립 중앙에 없는 문제를 수정했습니다.|Correction d'un problème où la photo cible n'était pas au centre de la bande de vignettes après une sélection approximative dans la barre de progression.|Es wurde ein Problem behoben, bei dem sich das Zielfoto nach einer groben Auswahl im Fortschrittsbalken nicht in der Mitte des Miniaturbildstreifens befand.|Se solucionó un problema por el cual la foto de destino no estaba en el centro de la tira de miniaturas después de una selección aproximada en la barra de progreso.|Corrigido um problema em que a foto alvo não estava no centro da faixa de miniaturas após uma seleção aproximada na barra de progresso.|Исправлена проблема, из-за которой целевая фотография не находилась в центре полосы миниатюр после грубого выбора в индикаторе выполнения.
切换照片来源后，拦截旧窗口对新来源照片的误操作。|After switching the photo source, prevent the old window from misoperation on the new source photo.|写真ソースを切り替えた後、古いウィンドウが新しいソース写真上で誤操作されないようにします。|사진 소스를 전환한 후, 새로운 소스 사진에서 이전 창이 오작동하는 것을 방지하세요.|Après avoir changé la source de la photo, évitez tout mauvais fonctionnement de l'ancienne fenêtre sur la nouvelle photo source.|Verhindern Sie nach dem Wechsel der Fotoquelle, dass das alte Fenster beim neuen Quellfoto fehlerhaft funktioniert.|Después de cambiar la fuente de la foto, evite que la ventana anterior funcione mal en la nueva foto de origen.|Depois de mudar a fonte da foto, evite que a janela antiga funcione incorretamente na nova foto de origem.|После переключения источника фотографии не допускайте неправильной работы старого окна на новой исходной фотографии.
扫描本机照片并按日期、文件夹浏览，支持搜索和排序。|Scan local photos and browse by date and folder, supporting search and sorting.|ローカルの写真をスキャンし、日付とフォルダーごとに参照し、検索と並べ替えをサポートします。|로컬 사진을 스캔하고 날짜 및 폴더별로 탐색하여 검색 및 정렬을 지원합니다.|Numérisez des photos locales et parcourez par date et par dossier, prenant en charge la recherche et le tri.|Scannen Sie lokale Fotos und durchsuchen Sie sie nach Datum und Ordner, um das Suchen und Sortieren zu unterstützen.|Escanee fotografías locales y busque por fecha y carpeta, lo que admite búsqueda y clasificación.|Digitalize fotos locais e navegue por data e pasta, com suporte para pesquisa e classificação.|Сканируйте локальные фотографии и просматривайте их по дате и папке, поддерживая поиск и сортировку.
可创建相册、收藏照片，并在大图窗口查看照片。|You can create photo albums, collect photos, and view photos in the large picture window.|フォト アルバムを作成したり、写真を収集したり、大きな画像ウィンドウで写真を表示したりできます。|큰 그림 창에서 사진 앨범을 만들고, 사진을 수집하고, 사진을 볼 수 있습니다.|Vous pouvez créer des albums photo, collecter des photos et afficher des photos dans la grande fenêtre d'image.|Sie können Fotoalben erstellen, Fotos sammeln und Fotos im großen Bildfenster ansehen.|Puede crear álbumes de fotos, recopilar fotografías y verlas en la ventana de imagen grande.|Você pode criar álbuns de fotos, coletar fotos e visualizá-las na grande janela panorâmica.|Вы можете создавать фотоальбомы, собирать фотографии и просматривать фотографии в большом окне изображения.
支持常见图片以及 RAW、HEIC 等照片格式的预览。|Supports preview of common images and photo formats such as RAW and HEIC.|RAW や HEIC などの一般的な画像や写真形式のプレビューをサポートします。|RAW 및 HEIC와 같은 일반적인 이미지 및 사진 형식의 미리보기를 지원합니다.|Prend en charge l'aperçu des images et des formats photo courants tels que RAW et HEIC.|Unterstützt die Vorschau gängiger Bilder und Fotoformate wie RAW und HEIC.|Admite vista previa de imágenes y formatos de fotografías comunes, como RAW y HEIC.|Suporta visualização de imagens e formatos de fotos comuns, como RAW e HEIC.|Поддерживает предварительный просмотр распространенных изображений и форматов фотографий, таких как RAW и HEIC.
过往版本|Previous versions|以前のバージョン|이전 버전|Versions précédentes|Frühere Versionen|Versiones anteriores|Versões anteriores|Предыдущие версии
所有测试版更新记录|All beta version update records|すべてのベータ版更新履歴|모든 베타 버전 업데이트 기록|Tout l'historique des mises à jour de la version bêta|Alle Aktualisierungsdatensätze der Betaversion|Todos los registros de actualización de la versión beta|Todo o histórico de atualização da versão beta|Вся история обновлений бета-версий
全屏照片与缩略图说明|Full-screen photos and thumbnail captions|全画面の写真とサムネイルのキャプション|전체 화면 사진 및 썸네일 캡션|Photos en plein écran et légendes miniatures|Vollbildfotos und Miniaturbildunterschriften|Fotografías en pantalla completa y subtítulos en miniatura|Fotos em tela cheia e legendas em miniatura|Полноэкранные фотографии и подписи к миниатюрам
熟悉的图库功能，换上更专注的深色界面。|The familiar gallery function is replaced with a more focused dark interface.|使い慣れたギャラリー機能は、より焦点を当てたダーク インターフェイスに置き換えられます。|친숙한 갤러리 기능은 더욱 집중된 다크 인터페이스로 대체됩니다.|La fonction de galerie familière est remplacée par une interface sombre plus ciblée.|Die bekannte Galeriefunktion wird durch eine fokussiertere dunkle Oberfläche ersetzt.|La familiar función de galería se reemplaza por una interfaz oscura más enfocada.|A familiar função de galeria foi substituída por uma interface escura mais focada.|Знакомая функция галереи заменена более сфокусированным темным интерфейсом.
采用深色图库界面、暖金色重点操作和更紧凑的照片网格。|Features a dark gallery interface, warm gold accents, and a tighter photo grid.|ダークなギャラリー インターフェイス、温かみのあるゴールドのアクセント、より緻密な写真グリッドが特徴です。|어두운 갤러리 인터페이스, 따뜻한 금색 액센트 및 더 조밀한 사진 격자가 특징입니다.|Comprend une interface de galerie sombre, des accents dorés chauds et une grille de photos plus serrée.|Verfügt über eine dunkle Galerieoberfläche, warme Goldakzente und ein engeres Fotoraster.|Presenta una interfaz de galería oscura, cálidos detalles dorados y una cuadrícula de fotografías más estrecha.|Apresenta uma interface de galeria escura, detalhes dourados quentes e uma grade de fotos mais compacta.|Имеет темный интерфейс галереи, теплые золотые акценты и более плотную сетку фотографий.
照片信息与颜色直方图在图库右侧预览，打开大图后仍可查看完整信息。|The photo information and color histogram are previewed on the right side of the gallery. You can still view the complete information after opening the large image.|写真情報とカラーヒストグラムはギャラリーの右側にプレビューされます。大きな画像を開いた後でも、完全な情報を表示できます。|사진 정보와 색상 히스토그램은 갤러리 오른쪽에서 미리 볼 수 있습니다. 큰 이미지를 연 후에도 전체 정보를 볼 수 있습니다.|Les informations sur la photo et l'histogramme des couleurs sont prévisualisés sur le côté droit de la galerie. Vous pouvez toujours afficher les informations complètes après avoir ouvert la grande image.|Die Fotoinformationen und das Farbhistogramm werden auf der rechten Seite der Galerie in der Vorschau angezeigt. Die vollständigen Informationen können Sie auch nach dem Öffnen des Großbildes weiterhin einsehen.|La información de la foto y el histograma de color se muestran en una vista previa en el lado derecho de la galería. Aún puede ver la información completa después de abrir la imagen grande.|As informações da foto e o histograma de cores são visualizados no lado direito da galeria. Você ainda pode visualizar as informações completas após abrir a imagem grande.|Информация о фотографии и цветовая гистограмма отображаются в правой части галереи. Вы по-прежнему можете просмотреть полную информацию после открытия большого изображения.
搜索、格式筛选、多选、相册、收藏和照片来源继续沿用现有操作。|Search, format filtering, multi-selection, albums, collections and photo sources continue to use existing operations.|検索、フォーマット フィルタリング、複数選択、アルバム、コレクション、写真ソースでは、既存の操作が引き続き使用されます。|검색, 형식 필터링, 다중 선택, 앨범, 컬렉션 및 사진 소스는 기존 작업을 계속 사용합니다.|La recherche, le filtrage de formats, la multi-sélection, les albums, les collections et les sources de photos continuent d'utiliser les opérations existantes.|Suche, Formatfilterung, Mehrfachauswahl, Alben, Sammlungen und Fotoquellen nutzen weiterhin bestehende Vorgänge.|La búsqueda, el filtrado de formatos, la selección múltiple, los álbumes, las colecciones y las fuentes de fotografías continúan utilizando las operaciones existentes.|Pesquisa, filtragem de formato, seleção múltipla, álbuns, coleções e fontes de fotos continuam a usar as operações existentes.|Поиск, фильтрация форматов, множественный выбор, альбомы, коллекции и источники фотографий продолжают использовать существующие операции.
1.0.0beta7 · 测试版|1.0.0beta7 · Beta version|1.0.0beta7・ベータ版|1.0.0beta7 · 베타 버전|1.0.0beta7 · Version bêta|1.0.0beta7 · Beta-Version|1.0.0beta7 · Versión beta|1.0.0beta7 · Versão beta|1.0.0beta7 · Бета-версия
筛选|Filter|絞り込み|필터|Filtrer|Filtern|Filtrar|Filtrar|Фильтр
筛选全部照片|Filter all photos|すべての写真を絞り込み|전체 사진 필터링|Filtrer toutes les photos|Alle Fotos filtern|Filtrar todas las fotos|Filtrar todas as fotos|Фильтровать все фото
全部来源|All sources|すべての出所|모든 출처|Toutes les sources|Alle Quellen|Todos los orígenes|Todas as origens|Все источники
屏幕截图|Screenshots|スクリーンショット|스크린샷|Captures d’écran|Screenshots|Capturas de pantalla|Capturas de ecrã|Скриншоты
微信照片|WeChat photos|WeChat の写真|WeChat 사진|Photos WeChat|WeChat-Fotos|Fotos de WeChat|Fotografias WeChat|Фото WeChat
QQ 照片|QQ photos|QQ の写真|QQ 사진|Photos QQ|QQ-Fotos|Fotos de QQ|Fotografias QQ|Фото QQ
下载图片|Downloads|ダウンロード画像|다운로드한 사진|Téléchargements|Downloads|Descargas|Transferências|Загрузки
拍摄相机|Camera|カメラ|카메라|Appareil photo|Kamera|Cámara|Câmara|Камера
文件类型|File type|ファイル形式|파일 형식|Type de fichier|Dateityp|Tipo de archivo|Tipo de ficheiro|Тип файла
全部相机|All cameras|すべてのカメラ|모든 카메라|Tous les appareils|Alle Kameras|Todas las cámaras|Todas as câmaras|Все камеры
全部类型|All types|すべての形式|모든 형식|Tous les types|Alle Typen|Todos los tipos|Todos os tipos|Все типы
全部焦距|All focal lengths|すべての焦点距離|모든 초점 거리|Toutes les focales|Alle Brennweiten|Todas las focales|Todas as distâncias focais|Все фокусные расстояния
全部光圈|All apertures|すべての絞り|모든 조리개|Toutes les ouvertures|Alle Blenden|Todas las aperturas|Todas as aberturas|Все диафрагмы
小于 24 mm|Under 24 mm|24 mm 未満|24 mm 미만|Moins de 24 mm|Unter 24 mm|Menos de 24 mm|Menos de 24 mm|Менее 24 мм
200 mm 及以上|200 mm and above|200 mm 以上|200 mm 이상|200 mm et plus|Ab 200 mm|200 mm o más|200 mm ou mais|200 мм и более
f/5.7 及以上|f/5.7 and above|f/5.7 以上|f/5.7 이상|f/5,7 et plus|Ab f/5,7|f/5,7 o más|f/5,7 ou mais|f/5,7 и выше
清除筛选|Clear filters|絞り込みを解除|필터 지우기|Effacer les filtres|Filter löschen|Borrar filtros|Limpar filtros|Сбросить фильтры
查看大图|View large photo|大きく表示|크게 보기|Afficher en grand|Groß anzeigen|Ver en grande|Ver em tamanho grande|Открыть фото
取消收藏|Remove favorite|お気に入りを解除|즐겨찾기 해제|Retirer des favoris|Favorit entfernen|Quitar favorito|Remover favorito|Убрать из избранного
相机、焦距和光圈按原文件信息筛选|Camera, focal length and aperture use original file metadata|カメラ・焦点距離・絞りは元ファイルの情報を使用|카메라·초점 거리·조리개는 원본 메타데이터 기준|Appareil, focale et ouverture utilisent les métadonnées du fichier|Kamera, Brennweite und Blende nutzen Originalmetadaten|Cámara, focal y apertura usan los metadatos originales|Câmara, distância focal e abertura usam os metadados originais|Камера, фокусное расстояние и диафрагма берутся из метаданных
正在读取拍摄参数：{0} / {1}|Reading capture data: {0} / {1}|撮影情報を読み込み中：{0} / {1}|촬영 정보 읽는 중: {0} / {1}|Lecture des données : {0} / {1}|Aufnahmedaten werden gelesen: {0} / {1}|Leyendo datos de captura: {0} / {1}|A ler dados de captura: {0} / {1}|Чтение данных съёмки: {0} / {1}
部分拍摄参数读取失败|Some capture data could not be read|一部の撮影情報を読み取れませんでした|일부 촬영 정보를 읽지 못했습니다|Certaines données n’ont pas pu être lues|Einige Aufnahmedaten konnten nicht gelesen werden|No se pudieron leer algunos datos|Não foi possível ler alguns dados|Не удалось прочитать часть данных съёмки
1.0.0beta8 · 测试版|1.0.0beta8 · Beta version|1.0.0beta8・ベータ版|1.0.0beta8 · 베타 버전|1.0.0beta8 · Version bêta|1.0.0beta8 · Beta-Version|1.0.0beta8 · Versión beta|1.0.0beta8 · Versão beta|1.0.0beta8 · Бета-версия
选片操作、照片筛选与深色视觉进一步统一。|Selection, filtering and dark visuals now work together.|選択操作、写真の絞り込み、ダークデザインをさらに統一しました。|선택, 사진 필터, 어두운 디자인을 더 일관되게 개선했습니다.|La sélection, les filtres et le thème sombre sont mieux harmonisés.|Auswahl, Filter und dunkles Design sind nun besser abgestimmt.|La selección, los filtros y el diseño oscuro están más integrados.|A seleção, os filtros e o tema escuro estão mais integrados.|Выбор фото, фильтры и тёмное оформление стали согласованнее.
浏览与整理|Browse and organize|閲覧と整理|보기 및 정리|Parcourir et organiser|Ansehen und ordnen|Ver y organizar|Ver e organizar|Просмотр и организация
多选照片时操作栏跟随页面滚动；单击查看右侧信息、双击打开大图。|The selection bar stays visible while scrolling. Click for details or double-click to open the viewer.|複数選択中は操作バーがスクロールに追従します。クリックで詳細、ダブルクリックで大きく表示します。|다중 선택 시 작업 표시줄이 스크롤을 따라갑니다. 클릭하면 정보가, 더블 클릭하면 큰 사진이 열립니다.|La barre de sélection reste visible pendant le défilement. Un clic affiche les détails, un double-clic ouvre la photo.|Die Auswahlleiste bleibt beim Scrollen sichtbar. Ein Klick zeigt Details, ein Doppelklick öffnet das Foto.|La barra de selección sigue visible al desplazarse. Un clic muestra detalles y un doble clic abre la foto.|A barra de seleção permanece visível ao deslocar. Um clique mostra os detalhes e dois cliques abrem a foto.|Панель выбора остаётся видимой при прокрутке. Щелчок показывает сведения, двойной щелчок открывает фото.
右击照片可加入相册、收藏、复制、分享、打开所在文件夹或确认后删除。|Right-click a photo to add it to an album, favorite, copy, share, locate or delete it after confirmation.|写真を右クリックして、アルバム追加、お気に入り、コピー、共有、フォルダー表示、確認後の削除ができます。|사진을 우클릭하여 앨범 추가, 즐겨찾기, 복사, 공유, 폴더 열기 또는 확인 후 삭제할 수 있습니다.|Un clic droit permet d’ajouter à un album, de marquer, copier, partager, localiser ou supprimer après confirmation.|Per Rechtsklick können Sie Fotos zu Alben hinzufügen, favorisieren, kopieren, teilen, im Ordner zeigen oder nach Bestätigung löschen.|Con clic derecho puede añadir al álbum, marcar, copiar, compartir, localizar o eliminar tras confirmar.|Com o botão direito pode adicionar ao álbum, marcar, copiar, partilhar, localizar ou eliminar após confirmação.|Правый щелчок позволяет добавить фото в альбом, избранное, скопировать, поделиться, найти в папке или удалить после подтверждения.
全部照片可按来源线索、拍摄相机、文件类型、焦距和光圈筛选。|Filter all photos by source hints, camera, file type, focal length and aperture.|すべての写真を出所の手がかり、カメラ、形式、焦点距離、絞りで絞り込めます。|전체 사진을 출처 단서, 카메라, 파일 형식, 초점 거리, 조리개로 필터링할 수 있습니다.|Filtrez toutes les photos par origine probable, appareil, type, focale et ouverture.|Filtern Sie alle Fotos nach Herkunftshinweis, Kamera, Dateityp, Brennweite und Blende.|Filtre todas las fotos por posible origen, cámara, tipo, focal y apertura.|Filtre todas as fotos por possível origem, câmara, tipo, distância focal e abertura.|Фильтруйте все фото по предполагаемому источнику, камере, типу файла, фокусному расстоянию и диафрагме.
侧栏使用本地打包的 Google Material Symbols 图标，窗口与品牌图标采用深色暖金配色。|The sidebar uses bundled Google Material Symbols icons; the window and brand icon match the dark and warm-gold theme.|サイドバーに同梱の Google Material Symbols を採用し、ウィンドウとロゴをダークと暖かな金色で統一しました。|사이드바에 내장된 Google Material Symbols를 사용하고 창과 로고를 어두운 색과 따뜻한 금색으로 맞췄습니다.|La barre latérale utilise les icônes Google Material Symbols intégrées ; la fenêtre et le logo reprennent le thème sombre et doré.|Die Seitenleiste nutzt mitgelieferte Google Material Symbols; Fenster und Logo passen zum dunklen, warmgoldenen Design.|La barra lateral usa Google Material Symbols incluidos; la ventana y el logotipo siguen el tema oscuro y dorado.|A barra lateral usa Google Material Symbols incluídos; a janela e o logótipo seguem o tema escuro e dourado.|Боковая панель использует встроенные Google Material Symbols; окно и логотип оформлены в тёмных и золотистых тонах.
全部|All|すべて|전체|Tout|Alle|Todos|Todos|Все
只看所选|Only selected|選択のみ|선택만 보기|Afficher la sélection|Nur Auswahl|Solo selección|Só seleção|Только выбранное
排除所选|Exclude selected|選択を除外|선택 제외|Exclure la sélection|Auswahl ausschließen|Excluir selección|Excluir seleção|Исключить выбранное
仅此|Only|これのみ|이것만|Seulement|Nur dies|Solo este|Só este|Только это
排除|Exclude|除外|제외|Exclure|Ausschließen|Excluir|Excluir|Исключить
只看：{0}|Only: {0}|表示：{0}|보기: {0}|Afficher : {0}|Nur: {0}|Solo: {0}|Só: {0}|Только: {0}
排除：{0}|Exclude: {0}|除外：{0}|제외: {0}|Exclure : {0}|Ohne: {0}|Excluir: {0}|Excluir: {0}|Исключить: {0}
只看所选（{0}）|Only selected ({0})|選択のみ（{0}）|선택만 보기 ({0})|Sélection ({0})|Nur Auswahl ({0})|Solo selección ({0})|Só seleção ({0})|Только выбранное ({0})
排除所选（{0}）|Exclude selected ({0})|選択を除外（{0}）|선택 제외 ({0})|Exclure ({0})|Auswahl ausschließen ({0})|Excluir selección ({0})|Excluir seleção ({0})|Исключить выбранное ({0})
勾选多个选项，然后选择只看或排除|Select multiple options, then include or exclude|複数選んで表示・除外を指定|여러 항목을 선택한 뒤 포함 또는 제외|Sélectionnez plusieurs options puis incluez ou excluez|Mehrere Optionen wählen und ein- oder ausschließen|Seleccione varias opciones e incluya o excluya|Selecione várias opções para incluir ou excluir|Выберите несколько значений и включите или исключите их
仅查看：{0}|Show only: {0}|これのみ表示：{0}|이것만 보기: {0}|Afficher uniquement : {0}|Nur anzeigen: {0}|Mostrar solo: {0}|Mostrar apenas: {0}|Показать только: {0}
排除选项：{0}|Exclude option: {0}|除外：{0}|항목 제외: {0}|Exclure : {0}|Ausschließen: {0}|Excluir opción: {0}|Excluir opção: {0}|Исключить вариант: {0}
暂无可选项目|No options available|選択肢がありません|선택할 항목이 없습니다|Aucune option disponible|Keine Optionen verfügbar|No hay opciones|Sem opções disponíveis|Нет доступных вариантов
清除此项筛选|Clear this filter|この条件をクリア|이 필터 지우기|Effacer ce filtre|Diesen Filter löschen|Borrar este filtro|Limpar este filtro|Сбросить этот фильтр
可勾选多个选项，再选择只看所选或排除所选；不同类别的条件同时生效。|Select multiple options and choose to include or exclude them. Different categories work together.|複数の項目を選び、表示または除外を指定できます。異なる種類の条件は同時に適用されます。|여러 항목을 선택해 포함 또는 제외할 수 있습니다. 다른 범주의 조건은 함께 적용됩니다.|Sélectionnez plusieurs options à inclure ou exclure. Les catégories se combinent.|Wählen Sie mehrere Optionen zum Ein- oder Ausschließen. Kategorien werden kombiniert.|Seleccione varias opciones para incluirlas o excluirlas. Las categorías se combinan.|Selecione várias opções para incluir ou excluir. As categorias combinam-se.|Выберите несколько значений для включения или исключения. Категории применяются вместе.
长按照片拖选 · 双击空白清空选择 · Ctrl+Z 撤销选择 · Esc 退出多选|Hold to select a range · Double-click empty space to clear · Ctrl+Z undo · Esc exit selection|長押しで範囲選択 · 余白をダブルクリックで解除 · Ctrl+Z 元に戻す · Esc 選択終了|길게 눌러 범위 선택 · 빈 곳 더블 클릭해 지우기 · Ctrl+Z 실행 취소 · Esc 선택 종료|Maintenir pour sélectionner · Double-clic dans le vide pour effacer · Ctrl+Z annuler · Esc quitter|Gedrückt halten für Bereich · Doppelklick auf Leerraum löscht · Ctrl+Z rückgängig · Esc beendet Auswahl|Mantenga pulsado para seleccionar · Doble clic en vacío borra · Ctrl+Z deshacer · Esc salir|Mantenha premido para selecionar · Duplo clique no vazio limpa · Ctrl+Z desfaz · Esc sai|Удерживайте для выбора диапазона · Двойной щелчок по пустому месту очищает · Ctrl+Z отмена · Esc выход
适应屏幕|Fit screen|画面に合わせる|화면에 맞춤|Adapter à l’écran|An Bildschirm anpassen|Ajustar a pantalla|Ajustar ao ecrã|По размеру экрана
100% 原图|100% original|原寸 100%|원본 100%|Original 100 %|Original 100 %|Original al 100 %|Original a 100 %|Оригинал 100 %
切换预览大小（F）|Toggle preview size (F)|表示サイズを切替（F）|미리보기 크기 전환 (F)|Changer la taille (F)|Anzeigegröße wechseln (F)|Cambiar tamaño (F)|Alterar tamanho (F)|Переключить размер (F)
1.0.0beta9 · 测试版|1.0.0beta9 · Beta version|1.0.0beta9・ベータ版|1.0.0beta9 · 베타 버전|1.0.0beta9 · Version bêta|1.0.0beta9 · Beta-Version|1.0.0beta9 · Versión beta|1.0.0beta9 · Versão beta|1.0.0beta9 · Бета-версия
筛选更自由，全屏翻页更直接。|More flexible filters and simpler fullscreen navigation.|絞り込みが柔軟になり、全画面のページ送りが簡単になりました。|필터는 더 유연하게, 전체 화면 넘기기는 더 간편하게 바뀌었습니다.|Filtres plus souples et navigation plein écran plus directe.|Flexiblere Filter und einfachere Navigation im Vollbild.|Filtros más flexibles y navegación a pantalla completa más directa.|Filtros mais flexíveis e navegação em ecrã inteiro mais direta.|Фильтры стали гибче, а перелистывание на весь экран — проще.
筛选与选片|Filters and selection|絞り込みと選択|필터 및 선택|Filtres et sélection|Filter und Auswahl|Filtros y selección|Filtros e seleção|Фильтры и выбор
大图浏览|Large-photo viewing|大きな写真の閲覧|큰 사진 보기|Affichage des photos|Großbildansicht|Vista de fotos grandes|Visualização de fotos|Просмотр крупных фото
每类筛选可勾选多个选项，选择“只看所选”或“排除所选”；也可对单项一键只看或排除。|Choose multiple values in each filter, then include or exclude them; one-click actions work on individual values.|各条件で複数選択して表示・除外を指定できます。個別の値もワンクリックで指定できます。|각 필터에서 여러 값을 선택해 포함 또는 제외할 수 있으며, 개별 값은 한 번에 지정할 수 있습니다.|Choisissez plusieurs valeurs par filtre, puis incluez-les ou excluez-les ; chaque valeur dispose aussi d’un raccourci.|Wählen Sie mehrere Werte je Filter und schließen Sie sie ein oder aus; einzelne Werte lassen sich direkt anwenden.|Elija varios valores por filtro para incluirlos o excluirlos; cada valor tiene una acción directa.|Escolha vários valores por filtro para incluir ou excluir; cada valor também tem uma ação rápida.|В каждом фильтре можно выбрать несколько значений и включить или исключить их; для одного значения есть быстрые действия.
主界面多选照片时按 Esc 可退出多选并清空选择。|Press Esc while selecting photos in the gallery to leave selection mode and clear the selection.|メイン画面の複数選択中に Esc を押すと、選択を解除して終了します。|기본 화면에서 여러 사진을 선택할 때 Esc를 누르면 선택을 지우고 종료합니다.|Appuyez sur Échap pendant la sélection dans la galerie pour quitter et effacer la sélection.|Drücken Sie Esc bei der Fotoauswahl, um sie zu beenden und die Auswahl zu löschen.|Pulse Esc durante la selección para salir y borrar la selección.|Prima Esc durante a seleção para sair e limpar a seleção.|Нажмите Esc при выборе фото, чтобы выйти и очистить выбор.
可手动切换适应屏幕或 100% 原图，选择后切换照片仍保持该模式；F 键可快捷切换。|Switch manually between fit screen and 100% original. The choice stays when changing photos; F toggles it.|画面に合わせる・原寸 100% を手動で切り替えられ、写真を変えても維持されます。F キーでも切り替えできます。|화면 맞춤과 원본 100%를 수동으로 전환할 수 있고 사진을 바꿔도 유지됩니다. F 키로도 전환합니다.|Basculez manuellement entre ajustement et original à 100 %. Le mode reste actif entre les photos ; F permet de le changer.|Wechseln Sie manuell zwischen Bildschirmgröße und 100 % Original. Der Modus bleibt beim Foto-Wechsel erhalten; F schaltet um.|Cambie manualmente entre ajustar y original al 100 %. El modo se mantiene al cambiar de foto; F lo alterna.|Alterne manualmente entre ajustar e original a 100 %. O modo mantém-se ao mudar de foto; F alterna-o.|Вручную переключайтесь между размером экрана и оригиналом 100 %. Режим сохраняется при смене фото; клавиша F переключает его.
全屏时点击照片左半区或右半区翻页，方向光标提示操作；上下控制栏同步显隐，移近边缘才展开。|In fullscreen, click the left or right half to change photos. Direction cursors guide you; both control bars appear together only near an edge.|全画面では写真の左右をクリックして移動します。方向カーソルが案内し、上下の操作欄は端に近づくと同時に表示されます。|전체 화면에서 사진의 왼쪽 또는 오른쪽을 클릭해 넘깁니다. 방향 커서가 표시되고 위아래 메뉴는 가장자리에서 함께 나타납니다.|En plein écran, cliquez à gauche ou à droite pour changer de photo. Le curseur indique le sens ; les deux barres s’affichent ensemble près des bords.|Im Vollbild wechselt ein Klick links oder rechts das Foto. Richtungscursor helfen; beide Leisten erscheinen zusammen am Rand.|En pantalla completa, haga clic a izquierda o derecha para cambiar de foto. El cursor indica la dirección; ambas barras aparecen juntas al acercarse al borde.|Em ecrã inteiro, clique à esquerda ou à direita para mudar de foto. O cursor indica a direção; ambas as barras aparecem juntas junto às margens.|В полноэкранном режиме щелчок слева или справа перелистывает фото. Курсор показывает направление, обе панели появляются вместе у краёв.
图库窗口顶部标题栏改为深色，与界面背景保持一致。|The gallery window title bar is now dark to match the interface.|ギャラリーのウィンドウ上部のタイトルバーを画面に合わせて暗くしました。|갤러리 창의 제목 표시줄을 화면과 어울리는 어두운 색으로 바꿨습니다.|La barre de titre de la galerie est désormais sombre, assortie à l’interface.|Die Titelleiste des Galeriefensters ist nun dunkel und passt zur Oberfläche.|La barra de título de la galería ahora es oscura y combina con la interfaz.|A barra de título da galeria é agora escura, a combinar com a interface.|Заголовок окна галереи теперь тёмный и сочетается с интерфейсом.
1.0.0beta10 · 测试版|1.0.0beta10 · Beta version|1.0.0beta10・ベータ版|1.0.0beta10 · 베타 버전|1.0.0beta10 · Version bêta|1.0.0beta10 · Beta-Version|1.0.0beta10 · Versión beta|1.0.0beta10 · Versão beta|1.0.0beta10 · Бета-версия
从浏览器窗口迁移为独立的 Windows 应用。|Now a standalone Windows app instead of a browser window.|ブラウザー画面から独立した Windows アプリになりました。|브라우저 창에서 독립 Windows 앱으로 전환했습니다.|La galerie devient une application Windows indépendante au lieu d’une fenêtre de navigateur.|Die Galerie ist nun eine eigenständige Windows-App statt eines Browserfensters.|Ahora es una aplicación de Windows independiente en lugar de una ventana del navegador.|Agora é uma aplicação Windows independente em vez de uma janela do navegador.|Теперь это самостоятельное приложение Windows, а не окно браузера.
独立桌面应用|Standalone desktop app|独立デスクトップアプリ|독립 데스크톱 앱|Application de bureau indépendante|Eigenständige Desktop-App|Aplicación de escritorio independiente|Aplicação de ambiente de trabalho independente|Самостоятельное приложение
兼容与迁移|Compatibility and migration|互換性と移行|호환성 및 이전|Compatibilité et migration|Kompatibilität und Umstieg|Compatibilidad y migración|Compatibilidade e migração|Совместимость и переход
使用应用内嵌的 Microsoft WebView2 显示图库，不再启动 Edge 或 Chrome 浏览器窗口。|The gallery now uses embedded Microsoft WebView2 and no longer opens an Edge or Chrome browser window.|Microsoft WebView2 をアプリ内に組み込み、Edge や Chrome のウィンドウを開かずに表示します。|Microsoft WebView2를 앱에 내장해 Edge나 Chrome 브라우저 창을 열지 않습니다.|La galerie utilise désormais Microsoft WebView2 intégré et n’ouvre plus de fenêtre Edge ou Chrome.|Die Galerie nutzt nun eingebettetes Microsoft WebView2 und öffnet kein Edge- oder Chrome-Fenster mehr.|La galería utiliza Microsoft WebView2 integrado y ya no abre una ventana de Edge o Chrome.|A galeria utiliza agora o Microsoft WebView2 incorporado e deixa de abrir uma janela do Edge ou Chrome.|Галерея использует встроенный Microsoft WebView2 и больше не открывает окно Edge или Chrome.
深色原生标题栏、任务栏图标和窗口按钮由拾光图库自身管理。|The dark native title bar, taskbar icon and window buttons are managed by the gallery itself.|暗いネイティブタイトルバー、タスクバーアイコン、ウィンドウボタンをアプリ自身が管理します。|어두운 기본 제목 표시줄, 작업 표시줄 아이콘과 창 버튼을 앱이 직접 관리합니다.|La barre de titre native sombre, l’icône de la barre des tâches et les boutons de fenêtre sont gérés par la galerie.|Die Galerie verwaltet die dunkle native Titelleiste, das Taskleistensymbol und die Fensterknöpfe selbst.|La galería gestiona su barra de título nativa oscura, el icono de la barra de tareas y los botones de ventana.|A galeria gere a barra de título nativa escura, o ícone da barra de tarefas e os botões da janela.|Галерея сама управляет тёмным системным заголовком, значком панели задач и кнопками окна.
再次启动拾光图库会唤回已有窗口，不会重复打开多个浏览器窗口。|Launching the gallery again brings back the existing window instead of opening more browser windows.|もう一度起動すると既存のウィンドウが前面に戻り、ブラウザー画面は増えません。|다시 실행하면 기존 창을 불러오며 브라우저 창이 중복으로 열리지 않습니다.|Un nouveau lancement rappelle la fenêtre existante sans ouvrir d’autres fenêtres de navigateur.|Ein erneuter Start holt das vorhandene Fenster zurück, ohne weitere Browserfenster zu öffnen.|Al iniciarla de nuevo se recupera la ventana existente sin abrir más ventanas del navegador.|Ao iniciar novamente, a janela existente volta ao ecrã sem abrir mais janelas do navegador.|Повторный запуск возвращает существующее окно, не открывая новые окна браузера.
大图全屏现在控制整个原生窗口，Esc 退出、缩略图和时间进度条等操作保持不变。|Large-photo fullscreen now controls the whole native window; Escape, thumbnails and the timeline continue to work as before.|大きな写真の全画面表示がアプリ全体を覆い、Esc、サムネイル、時間軸は従来どおり使えます。|큰 사진 전체 화면이 앱 창 전체를 사용하며 Esc, 썸네일과 시간 진행 막대는 그대로 작동합니다.|Le plein écran contrôle désormais toute la fenêtre native ; Échap, les miniatures et la chronologie restent inchangés.|Die Großbildansicht füllt nun das gesamte native Fenster; Esc, Miniaturen und Zeitleiste funktionieren wie bisher.|La vista a pantalla completa ocupa toda la ventana nativa; Esc, miniaturas y cronología siguen funcionando igual.|A vista em ecrã inteiro ocupa toda a janela nativa; Esc, miniaturas e cronologia continuam iguais.|Полноэкранный просмотр теперь занимает всё системное окно; Esc, миниатюры и шкала времени работают как прежде.
继续使用原来的照片索引、相册、收藏和语言设置，无需重新导入照片。|Existing photo indexes, albums, favorites and language settings remain in use; no photo reimport is needed.|既存の写真索引、アルバム、お気に入り、言語設定をそのまま使え、再読み込みは不要です。|기존 사진 색인, 앨범, 즐겨찾기와 언어 설정을 그대로 사용하며 사진을 다시 가져올 필요가 없습니다.|Les index, albums, favoris et réglages de langue existants sont conservés ; aucune réimportation n’est nécessaire.|Vorhandene Fotoindizes, Alben, Favoriten und Spracheinstellungen bleiben erhalten; Fotos müssen nicht neu importiert werden.|Se conservan los índices, álbumes, favoritos e idioma existentes; no es necesario volver a importar fotos.|Os índices, álbuns, favoritos e idioma existentes são mantidos; não é necessário importar novamente.|Сохраняются прежние индексы, альбомы, избранное и язык; повторный импорт фотографий не требуется.
